Detik;X_m;Y_m;Psi_deg;v_ms;r_degs;Rudder_deg;Exitflag;Waktu_Komputasi_ms;Waktu_Komputasi_us
1;0.0000;0.0000;501.944;0.0000;0.0000;-50.000;10.000;62.728;62.728.000
2;98.588;118.306;501.944;-0.0020;-0.1161;-100.000;10.000;37.383;37.383.000
3;197.193;236.599;500.783;-0.0028;-0.2871;-150.000;10.000;32.561;32.561.000
4;296.042;354.687;497.913;-0.0008;-0.4850;-200.000;10.000;25.058;25.058.000
5;395.466;472.292;493.063;0.0043;-0.6971;-250.000;10.000;23.731;23.731.000
6;495.844;589.084;486.092;0.0128;-0.9174;-300.000;10.000;16.833;16.833.000
7;597.571;704.702;476.918;0.0244;-11.430;-350.000;10.000;0.8947;8.947.000
8;701.051;818.754;465.488;0.0390;-13.727;-350.000;10.000;0.9074;9.074.000
9;806.679;930.820;451.761;0.0586;-14.895;-350.000;10.000;0.8508;8.508.000
10;914.823;1.040.462;436.865;0.0795;-15.543;-350.000;10.000;13.045;13.045.000
11;1.025.635;1.147.407;421.322;0.1003;-15.947;-350.000;10.000;0.7343;7.343.000
12;1.139.169;1.251.461;405.375;0.1202;-16.232;-350.000;10.000;0.8397;8.397.000
13;1.255.424;1.352.466;389.144;0.1390;-16.457;-350.000;10.000;0.9285;9.285.000
14;1.374.376;1.450.284;372.687;0.1567;-16.648;-350.000;10.000;0.7486;7.486.000
15;1.495.981;1.544.787;356.039;0.1733;-16.817;-350.000;10.000;0.7392;7.392.000
16;1.620.184;1.635.851;339.222;0.1887;-16.972;-350.000;10.000;0.8952;8.952.000
17;1.746.919;1.723.359;322.250;0.2032;-17.114;-350.000;10.000;0.8595;8.595.000
18;1.876.113;1.807.198;305.136;0.2167;-17.246;-350.000;10.000;12.984;12.984.000
19;2.007.686;1.887.257;287.890;0.2293;-17.369;-350.000;10.000;0.9249;9.249.000
20;2.141.547;1.963.431;270.522;0.2410;-17.483;-350.000;10.000;11.870;11.870.000
21;2.277.602;2.035.616;253.039;0.2520;-17.590;-350.000;10.000;10.200;10.200.000
22;2.415.749;2.103.717;235.449;0.2622;-17.689;-350.000;10.000;11.596;11.596.000
23;2.555.881;2.167.638;217.759;0.2717;-17.782;-350.000;10.000;11.915;11.915.000
24;2.697.884;2.227.292;199.977;0.2806;-17.869;-350.000;10.000;14.643;14.643.000
25;2.841.639;2.282.594;182.108;0.2889;-17.950;-350.000;10.000;12.671;12.671.000
26;2.987.023;2.333.466;164.159;0.2967;-18.025;-350.000;10.000;11.569;11.569.000
27;3.133.907;2.379.833;146.133;0.3039;-18.095;-350.000;10.000;16.608;16.608.000
28;3.282.158;2.421.628;128.038;0.3107;-18.161;-350.000;10.000;17.982;17.982.000
29;3.431.640;2.458.785;109.877;0.3170;-18.222;-350.000;10.000;27.063;27.063.000
30;3.582.213;2.491.249;91.654;0.3228;-18.280;-350.000;10.000;21.731;21.731.000
31;3.733.733;2.518.966;73.375;0.3283;-18.333;-350.000;10.000;20.786;20.786.000
32;3.886.052;2.541.890;55.042;0.3334;-18.383;-350.000;10.000;31.583;31.583.000
33;4.039.022;2.559.981;36.659;0.3382;-18.429;-350.000;10.000;34.983;34.983.000
34;4.192.491;2.573.203;18.230;0.3427;-18.473;-350.000;10.000;30.326;30.326.000
35;4.346.304;2.581.527;-0.0243;0.3468;-18.513;-350.000;10.000;42.953;42.953.000
36;4.500.306;2.584.930;-18.755;0.3507;-18.551;-350.000;10.000;39.706;39.706.000
37;4.654.338;2.583.394;-37.306;0.3543;-18.586;-350.000;10.000;99.412;99.412.000
38;4.808.242;2.576.910;-55.892;0.3577;-18.619;-350.000;10.000;39.012;39.012.000
39;4.961.858;2.565.471;-74.511;0.3608;-18.649;-350.000;10.000;38.750;38.750.000
40;5.115.026;2.549.078;-93.160;0.3638;-18.678;-350.000;10.000;36.674;36.674.000
41;5.267.584;2.527.739;-111.838;0.3665;-18.705;-350.000;10.000;41.106;41.106.000
42;5.419.370;2.501.465;-130.543;0.3691;-18.730;-350.000;10.000;40.642;40.642.000
43;5.570.224;2.470.276;-149.273;0.3715;-18.753;-339.521;10.000;49.244;49.244.000
44;5.719.984;2.434.196;-168.026;0.3741;-18.531;-289.521;10.000;46.157;46.157.000
45;5.868.491;2.393.260;-186.557;0.3780;-17.276;-239.521;10.000;54.615;54.615.000
46;6.015.608;2.347.580;-203.832;0.3801;-15.528;-189.521;10.000;57.535;57.535.000
47;6.161.289;2.297.505;-219.361;0.3793;-13.537;-139.521;10.000;49.846;49.846.000
48;6.305.557;2.243.493;-232.898;0.3751;-11.415;-89.521;20.000;52.006;52.006.000
49;6.448.491;2.186.050;-244.313;0.3676;-0.9216;-39.521;20.000;35.983;35.983.000
50;6.590.222;2.125.702;-253.529;0.3568;-0.6966;10.479;10.000;37.980;37.980.000
51;6.730.918;2.062.985;-260.495;0.3429;-0.4676;60.479;20.000;52.451;52.451.000
52;6.870.780;1.998.437;-265.170;0.3261;-0.2353;110.479;20.000;36.713;36.713.000
53;7.010.036;1.932.600;-267.523;0.3066;-0.0002;160.479;10.000;41.297;41.297.000
54;7.148.932;1.866.017;-267.525;0.2845;0.2375;140.534;10.000;39.471;39.471.000
55;7.287.728;1.799.237;-265.150;0.2572;0.3152;90.534;10.000;45.571;45.571.000
56;7.426.678;1.732.787;-261.998;0.2282;0.2485;45.585;10.000;33.992;33.992.000
57;7.565.864;1.666.843;-259.513;0.2019;0.1248;-0.4415;10.000;26.686;26.686.000
58;7.705.219;1.601.268;-258.265;0.1794;-0.0392;-20.255;10.000;37.037;37.037.000
59;7.844.619;1.535.793;-258.657;0.1629;-0.1448;-59.695;20.000;29.514;29.514.000
60;7.983.901;1.470.074;-260.105;0.1492;-0.2799;-11.024;10.000;33.244;33.244.000
61;8.122.958;1.403.881;-262.904;0.1424;-0.2258;38.976;10.000;28.901;28.901.000
62;8.261.659;1.336.948;-265.163;0.1369;-0.0808;88.976;10.000;29.938;29.938.000
63;8.400.070;1.269.419;-265.970;0.1300;0.1075;138.976;10.000;32.728;32.728.000
64;8.538.356;1.201.634;-264.895;0.1205;0.3171;188.976;10.000;26.049;26.049.000
65;8.676.726;1.134.023;-261.724;0.1083;0.5381;238.976;10.000;27.519;27.519.000
66;8.815.414;1.067.070;-256.343;0.0933;0.7658;288.976;10.000;25.243;25.243.000
67;8.954.660;1.001.287;-248.686;0.0754;0.9979;338.976;10.000;18.545;18.545.000
68;9.094.697;937.208;-238.707;0.0550;12.334;350.000;10.000;35.079;35.079.000
69;9.235.747;875.391;-226.373;0.0304;13.812;350.000;10.000;32.363;32.363.000
70;9.378.000;816.398;-212.561;0.0041;14.630;350.000;10.000;37.382;37.382.000
71;9.521.538;760.606;-197.930;-0.0220;15.140;350.000;10.000;42.024;42.024.000
72;9.666.366;708.251;-182.791;-0.0470;15.499;350.000;10.000;25.913;25.913.000
73;9.812.448;659.504;-167.292;-0.0707;15.782;350.000;10.000;26.137;26.137.000
74;9.959.726;614.498;-151.509;-0.0929;16.022;350.000;10.000;35.779;35.779.000
75;10.108.131;573.352;-135.487;-0.1137;16.236;344.710;10.000;50.265;50.265.000
76;10.257.579;536.169;-119.251;-0.1334;16.307;294.710;10.000;33.601;33.601.000
77;10.407.979;503.042;-102.944;-0.1534;15.267;244.710;10.000;25.444;25.444.000
78;10.559.226;474.012;-87.677;-0.1708;13.695;194.710;10.000;35.601;35.601.000
79;10.711.166;448.849;-73.982;-0.1843;11.855;144.710;10.000;27.257;27.257.000
80;10.863.647;427.191;-62.127;-0.1936;0.9869;94.710;10.000;27.604;27.604.000
81;11.016.533;408.601;-52.258;-0.1986;0.7795;44.710;10.000;29.812;29.812.000
82;11.169.712;392.596;-44.464;-0.1995;0.5659;-0.5290;10.000;40.209;40.209.000
83;11.323.094;378.668;-38.805;-0.1966;0.3476;-55.290;10.000;23.094;23.094.000
84;11.476.608;366.284;-35.329;-0.1900;0.1252;-105.290;10.000;30.713;30.713.000
85;11.630.198;354.899;-34.077;-0.1799;-0.1006;-155.290;10.000;26.745;26.745.000
86;11.783.819;343.948;-35.083;-0.1667;-0.3297;-205.290;10.000;41.948;41.948.000
87;11.937.428;332.861;-38.380;-0.1505;-0.5617;-255.290;10.000;37.939;37.939.000
88;12.090.982;321.051;-43.997;-0.1315;-0.7964;-235.770;10.000;32.740;32.740.000
89;12.244.427;307.925;-51.961;-0.1071;-0.8722;-185.770;10.000;42.104;42.104.000
90;12.397.697;292.912;-60.683;-0.0808;-0.8034;-135.770;10.000;43.755;43.755.000
91;12.550.749;275.828;-68.717;-0.0569;-0.6658;-85.770;10.000;30.128;30.128.000
92;12.703.575;256.838;-75.375;-0.0368;-0.4941;-35.770;10.000;36.958;36.958.000
93;12.856.196;236.272;-80.315;-0.0213;-0.3043;14.230;10.000;30.713;30.713.000
94;13.008.655;214.544;-83.359;-0.0104;-0.1038;64.230;10.000;23.315;23.315.000
95;13.161.013;192.115;-84.397;-0.0040;0.1038;114.230;10.000;21.971;21.971.000
96;13.313.340;169.473;-83.359;-0.0018;0.3169;164.230;10.000;29.006;29.006.000
97;13.465.710;147.129;-80.190;-0.0036;0.5344;214.230;20.000;57.705;57.705.000
98;13.618.199;125.610;-74.847;-0.0091;0.7558;264.230;10.000;28.865;28.865.000
99;13.770.875;105.460;-67.289;-0.0181;0.9807;314.230;10.000;41.247;41.247.000
100;13.923.793;87.236;-57.482;-0.0303;12.089;350.000;10.000;43.985;43.985.000
