v,r,x_ENU,y_ENU,psi,delta,rpm
0,0,0,0,5.67214553605637,-0.697520835559534,690
0,-0.0209439510239586,0,0,5.67005114095398,-0.699615230661927,869.5
0,-0.0157079632679266,0,0,5.66848034462718,-0.703193155628515,1049.5
-0.127526956521871,-0.00872664625997904,0,0,5.66760768000119,-0.696473638008337,1259
0.0530567505175929,0,0,0,5.66760768000119,-0.704327619642312,1440
0.0533255383741166,0.00872664625997904,-0.110426292926783,-2.87810704088787e-11,5.66848034462718,-0.700138829437525,1649.5
0.0539167284238358,0.0191986217719539,-0.110426293084985,0.110592142411743,5.67040020680438,-0.700138829437525,1829.5
0.0548299941037469,0.0296705972838613,-0.110426293084985,0.110592142411743,5.67336726653277,-0.695950039232739,1920
0.18177938738243,0.036651914291912,-0.110426293084985,0.110592142411743,5.67703245796196,-0.683994533856578,2009.5
0,0.0488692190557804,-0.110426293084985,0.110592142411743,5.68191937986754,-0.700662428213124,2040
-0.123882400415703,0.0575958653158617,-0.110426293084985,0.110592142411743,5.68767896639912,-0.701622359301721,2100
0.0613158795139762,0.0680678408278454,-0.110426293084985,0.110592142411743,5.6944857504819,-0.699615230661927,2129.5
0.0636143445672583,0.0750491578356491,-0.220852584929233,0.110592142056249,5.70199066626547,-0.699615230661927,2189.5
0.0661758349359157,0.0837758040958077,-0.22085258565361,0.221184284672209,5.71036824667505,-0.686088928958971,2189.5
-0.0488101847154692,0.0959931088595601,-0.22085258565361,0.221184284672209,5.71996755756102,-0.702669556852917,2220
0.0723465758423214,0.106465084371744,-0.22085258565361,0.221184284672209,5.73061406599818,-0.696473638008337,2249.5
-0.1137474933364,0.115191730631732,-0.331278880142029,0.221184284047615,5.74213323906134,-0.69856803311073,2280
-0.031882938365609,0.122173047639438,-0.331278880142029,0.221184284047615,5.7543505438253,-0.695426440457141,2219
-0.0253414580200373,0.13264502315169,-0.331278880142029,0.221184284047615,5.76761504614046,-0.702233224539918,2249.5
0.0877952842198796,0.141371669411348,-0.441705174564691,0.331776425952961,5.78175221308162,-0.698044434335132,2280
0.092340053030467,0.151843644923644,-0.441705174564691,0.331776425952961,5.79693657757397,-0.699091631886329,2280
0.194141957775889,0.158824961931627,-0.441705174564691,0.331776425952961,5.81281907376711,-0.700662428213124,2280
0.102035281045447,0.167551608191226,-0.441705174564691,0.331776425952961,5.82957423458626,-0.703193155628515,2280
0.107278434796558,0.178023583703581,-0.552131467749302,0.442368567258273,5.8473765929566,-0.701186026988722,2280
0.0233515892923559,0.188495559215136,-0.552131467749302,0.442368567258273,5.86622614887814,-0.699091631886329,2280
0.032992077456641,0.195476876223548,-0.552131467749302,0.442368567258273,5.88577383650048,-0.702233224539918,2280
0.124250575747988,0.200712863979527,-0.662557761360515,0.442368565911598,5.90584512289841,-0.695950039232739,2249.5
0.0532602497234528,0.211184839491022,-0.662557761360515,0.442368565911598,5.92696360684754,-0.706334748282105,2279
0.0639610892226712,0.218166156499485,-0.662557762787951,0.552960708439415,5.94878022249747,-0.70170962576432,2279
0.14274283681959,0.225147473506965,-0.772984055677474,0.552960706874931,5.9712949698482,-0.701186026988722,2249.5
0.086115466414926,0.228638132011469,-0.772984055677474,0.552960706874931,5.99415878304933,-0.6772750162364,2249.5
0.0976361589539902,0.237364778271448,-0.772984055677474,0.552960706874931,6.01789526087645,-0.70170962576432,2249.5
0.162072261130681,0.242600766026875,-0.883410349562459,0.552960705001099,6.04215533747917,-0.688706922836962,2249.5
0.121342004736746,0.249582083035418,-0.883410351556069,0.663552847473402,6.06711354578269,-0.701186026988722,2249.5
0.133586388146012,0.256563400042809,-0.883410351556069,0.663552847473402,6.092769885787,-0.702233224539918,2279
0.145825219903005,0.258308729295397,-0.993836645938785,0.663552845444894,6.11860075871652,-0.699091631886329,2249.5
0.158130130038608,0.261799387799389,-0.993836645938785,0.663552845444894,6.14478069749644,-0.687659725285766,2220
0.14607044456881,0.26878070480677,-1.10426294045839,0.663552843152808,6.17165876797715,-0.703716754404114,2249.5
0.183287499057559,0.274016692563351,-1.10426294301817,0.774144985800547,6.19906043723346,-0.700138829437525,2219
0.183619182952575,0.279252680318712,-1.21468923602595,0.774144983204634,6.22698570526537,-0.697520835559534,2220
0.208686762530144,0.280998009571343,-1.21468923602595,0.774144983204634,6.25508550622248,-0.696997236783936,2189.5
0.000154173404772664,0.284488668075335,-1.32511553039004,0.774144980408275,6.28353437302999,-0.700575161750524,2219
0.012949604584838,0.289724655830663,-1.32511553039004,0.774144980408275,6.31250683861309,-0.693332045354747,2249.5
0.246542746239814,0.289724655831322,-1.32511553039004,0.774144980408275,6.3414793041962,-0.704240353179712,2219
0.258986594943451,0.293215314334647,-1.43554182367159,0.774144977285204,6.3708008356297,-0.647691685415096,2219
0.271279853852773,0.294960643587309,-1.43554182679754,0.884737119761954,6.40029689998841,-0.348891317473666,2219
0.315382384238344,0.291469985083318,-1.5459681214354,0.884737116438438,6.42944389849671,-0.103934356956262,2249.5
0.294179086784071,0.274016692562737,-1.5459681214354,0.884737116438438,6.45684556775302,0.11065387457644,2189.5
0.130732664075358,0.249582083035418,-1.65639441657099,0.884737112960247,6.48180377605654,0.553705705195201,2219
0.0966559036553506,0.219911485750981,-1.65639441657099,0.884737112960247,6.50379492463167,0.547509786350621,2249.5
0.157143617796633,0.188495559215565,-1.76682071105333,0.884737109132458,6.52264448055321,0.311890337331387,2249.5
0.112011612059859,0.169296937443602,-1.76682071105333,0.884737109132458,6.53957417429755,0.388684824419137,2219
0.177729335118464,0.151843644923299,-1.87724700481398,0.884737105086862,6.5547585387899,0.437990375787977,2189.5
0.12374992483596,0.123918376891711,-1.87724700481398,0.884737105086862,6.56715037647906,0.464955712731289,2219
0.192164347178821,0.102974425867527,-1.98767329914081,0.884737100754801,6.57744781906583,0.437466777012379,2219
0.131646390319262,0.0837758040957988,-1.98767329914081,0.884737100754801,6.5858253994754,0.572293461728941,2220
0.200998735373166,0.0558505360638747,-2.0980995926775,0.884737096336721,6.59141045308179,0.701011494063522,2189.5
0.202981131782535,0.0314159265358531,-2.0980995926775,0.884737096336721,6.59455204573537,0.708254610459299,2249.5
0.20386155581649,0.0139626340159665,-2.20852588892681,0.884737091517751,6.59594830913697,0.709825406786094,2249.5
-0.00671433873006594,-0.00174532925199184,-2.31895218237643,0.884737086463609,6.59577377621177,0.736267144953808,2279
-0.00768957982765825,-0.0139626340159665,-2.31895218237643,0.884737086463609,6.59437751281018,0.249145750722191,2249.5
-0.00890861310395549,-0.0174532925199581,-2.42937847190996,0.774144938846699,6.59263218355818,0.145385926691128,2279
-0.077357628950636,-0.0244346095278946,-2.42937847190996,0.774144938846699,6.59018872260539,0.479965544298441,2279
-0.0131749810763961,-0.036651914291912,-2.53980476520406,0.774144933288286,6.5865235311762,0.681289273515986,2249.5
0.129805425666303,-0.0506145483077634,-2.53980476520406,0.774144933288286,6.58146207634542,0.168773338667852,2249.5
0.191389521946888,-0.0523598775598743,-2.65023105942518,0.774144927552312,6.57622608858943,0.0354301838154849,2279
0.188287411708759,-0.0488692190558915,-2.65023105942518,0.774144927552312,6.57133916668385,0.00994837673636768,2279
0.185513868049597,-0.043633231299796,-2.76065735292462,0.77414492159853,6.56697584355386,0.0135263017029561,2249.5
0.183070223805409,-0.0383972435439078,-2.87108364906822,0.774144915375647,6.56313611919948,0.010471975511966,2249.5
-0.03218258482263,-0.0383972435438294,-2.87108364906822,0.774144915375647,6.55929639484509,0.0135263017029561,2189.5
-0.0347397890380237,-0.036651914291912,-2.981509941622,0.774144908831574,6.5556312034159,0.00994837673636768,2249.5
-0.0370530513524749,-0.0331612557879204,-2.98150993490623,0.663552766149109,6.55231507783711,0.0109955742875643,2220
-0.039244184540209,-0.0314159265358531,-3.09193622960645,0.663552759490609,6.54917348518352,0.0140499004785544,2189.5
-0.0411915345531487,-0.0279252680319418,-3.20236252236556,0.663552752551168,6.54638095838033,0.0266162710929135,2249.5
0.227749660130746,-0.0244346095278858,-3.20236252236556,0.663552752551168,6.54393749742754,0.0167551608191456,2249.5
0.169471120262776,-0.0209439510239497,-3.31278881654943,0.663552745279492,6.54184310232515,0.0156206968053492,2189.5
0.168129253338415,-0.0209439510239497,-3.42321510958231,0.663552737812893,6.53974870722275,0.0115191730631626,2279
0.222680621847473,-0.0174532925199184,-3.42321510958231,0.663552737812893,6.53800337797076,0.00575958653158129,2309.5
-0.0482478768273649,-0.0174532925199581,-3.53364140525937,0.663552730077193,6.53625804871876,0.0063704517697793,2280
-0.0494640081695424,-0.0174532925199184,-3.64406769849758,0.663552722215226,6.53451271946677,0.00994837673636768,2279
0.00387036623470885,-0.0174532925199581,-3.64406769026998,0.552960579690834,6.53276739021478,0.010471975511966,2279
-0.0516526635976644,-0.0139626340159753,-3.75449398407437,0.552960571542403,6.53137112681318,0.00733038285837618,2280
-0.0527468012065909,-0.0157079632679266,-3.86492027679622,0.552960563067259,6.52980033048638,0.00890117918517108,2309.5
0.214314604868257,-0.0157079632679623,-3.86492027679622,0.552960563067259,6.52822953415959,0.00427605666738611,2279
0.212968135377396,-0.0157079632679266,-3.97534657087438,0.55296055439167,6.5266587378328,0.00994837673636768,2279
0.158603582947241,-0.0174532925199581,-4.08577286508942,0.552960545452502,6.5249134085808,0.0135263017029561,2309.5
0.210123869455319,-0.0157079632679623,-4.19619915901207,0.552960536272641,6.52334261225401,0.0136135681655558,2249.5
0.208775776279219,-0.0157079632679266,-4.19619915901207,0.552960536272641,6.52177181592721,0.00837758040957278,2220
-0.0595517374654033,-0.0174532925199581,-4.30662545178373,0.552960526897857,6.52002648667522,0.00680678408277789,2220
-0.0608877745140836,-0.0191986217719191,-4.41705174591171,0.552960517322627,6.51810662449802,0.0068940505453776,2249.5
-0.0109111198674951,-0.0157079632679623,-4.41705173610384,0.442368374857148,6.51653582817123,0.0135263017029561,2249.5
-0.0126593520360235,-0.0191986217719539,-4.52747802835914,0.442368364869187,6.51461596599403,0.00322885911618951,2220
-0.0646517417350859,-0.0191986217719102,-4.63790432197076,0.442368354680781,6.51269610381684,0.00270526034059121,2279
0.19932489038983,-0.0191986217719539,-4.74833061729952,0.442368344400834,6.51077624163965,-0.0106465084371654,2309.5
0.198423529872967,-0.010471975511951,-4.74833061729952,0.442368344400834,6.50972904408845,-0.513388599474132,2280
0.149381007006209,0.00872664625997904,-4.85875690989704,0.442368333753927,6.51060170871445,-0.662701516982247,2279
0.151182991429018,0.0279252680319329,-4.96918320184131,0.442368322757421,6.51339423551764,-0.686612527734569,2279
-0.00995753279495215,0.0418879020478042,-4.96918320184131,0.442368322757421,6.51758302572242,-0.683558201543579,2280
0.157705205638848,0.0593411945678664,-5.07960949593202,0.44236831164649,6.52351714517921,-0.681463806441186,2309.5
-0.0517742601204485,0.076794487087641,-5.19003577712278,0.331776157825164,6.53119659388798,-0.702756823315517,2279
0.0105457402226869,0.0890117918517951,-5.19003578844247,0.44236830036352,6.54009777307315,-0.693419311817347,2279
0.0199220487921303,0.102974425867762,-5.30046207148726,0.331776146187074,6.55039521565992,-0.679893010114391,2309.5
0.24350080031781,0.120427718387446,-5.4108883654909,0.331776134440081,6.56243798749868,-0.704240353179712,2249.5
0.0429544976244807,0.132645023151681,-5.52131465762187,0.331776122280356,6.57570248981384,-0.697520835559534,2220
0.266822645961249,0.14311699866334,-5.63174095110915,0.331776109920186,6.59001418968019,-0.700138829437525,2220
0.280017670383267,0.157079632679641,-5.63174095110915,0.331776109920186,6.60572215294814,-0.421497014356631,2249.5
0.0119374034495811,0.167551608191606,-5.74216724344545,0.331776097365093,6.62247731376728,-0.179245314179818,2280
0.023149612774044,0.160570291183258,-5.85259353677722,0.331776084500651,6.63853434288563,0.116326194645422,2279
0.113247406427848,0.146607657167657,-5.85259352358486,0.221183941780513,6.65319510860238,0.0971275728734844,2279
0.125223029494043,0.132645023151389,-5.96301981705351,0.221183928652492,6.66645961091754,0.157341432067289,2309.5
0.0507829452888479,0.116937059883728,-6.0734461105906,0.221183915392682,6.6781533169059,0.188931891528386,2280
0.348012258964921,0.0994837673637611,-6.18387240261587,0.221183901829044,6.68810169364227,0.239284640448423,2279
0.152241130450517,0.0837758040956172,-6.18387240261587,0.221183901829044,6.69647927405184,0.268867971269727,2279
0.0677885481344387,0.0610865238198533,-6.2942986956366,0.221183887956057,6.70258792643382,0.338855674274699,2280
0.0709425792264075,0.0453785605517967,-6.40472497338697,0.11059173134557,6.70712578248901,0.35089844611346,2309.5
0.164293436137293,0.0279252680319329,-6.40472497338697,0.11059173134557,6.7099183092922,0.465915643819886,2279
-0.0360217759281057,0.0104719755119748,-6.51515126661303,0.110591717077214,6.7109655068434,0.44942228238854,2220
0.0731252855222015,-0.00698131700796736,-6.62557755961513,0.110591702436376,6.7102673751426,0.526740368251889,2249.5
0.162417046878973,-0.0244346095279413,-6.73600383791305,-4.54766526492012e-07,6.70782391418981,0.536077879750058,2249.5
0.158662144923262,-0.041887902047813,-6.73600383791305,-4.54766526492012e-07,6.70363512398502,0.601353193774646,2220
-0.13778830573339,-0.0558505360638659,-6.84643012947177,-4.69842981076773e-07,6.69805007037864,0.619591884457987,2249.5
0.0597760311314629,-0.0698131700798323,-6.95685642195751,-4.85096995572754e-07,6.69106875337066,0.617497489355594,2280
0.139847203861267,-0.0837758040956172,-6.95685640653164,-0.110592627530444,6.68269117296109,0.617497489355594,2280
0.130888111181388,-0.09948376736377,-7.06728269793484,-0.11059264311117,6.67274279622472,0.621162680784782,2249.5
-0.166040577812971,-0.108210413623503,-7.17770899191378,-0.110592658829209,6.66192175486236,0.622209878335978,2249.5
0.110092501458928,-0.122173047639707,-7.28813528316147,-0.110592674914208,6.6497044500984,0.622209878335978,2280
0.0980920563530643,-0.13264502315169,-7.28813526694546,-0.22118481754915,6.63643994778324,0.62168627956038,2280
0.0114497995211577,-0.146607657167323,-7.39856155912017,-0.221184833811709,6.62177918206649,0.61854468690679,2249.5
0.000478265319115045,-0.157079632679632,-7.5089878501439,-0.221184850269191,6.60607121879854,0.623257075887175,2249.5
0.0554925328291801,-0.165806278939243,-7.5089878501439,-0.221184850269191,6.58949059090459,0.617497489355594,2249.5
0.0393024852355946,-0.178023583703581,-7.61941414216309,-0.221184867036023,6.57168823253425,0.623257075887175,2249.5
-0.0365661495358751,-0.18675022996356,-7.72984041665978,-0.331777026790567,6.55301320953791,0.62168627956038,2249.5
0.00450605419124872,-0.195476876223095,-7.84026670981132,-0.331777044130326,6.53346552191557,0.618021088131192,2220
-0.0144076017296638,-0.207694180987519,-7.84026670981132,-0.331777044130326,6.51269610381684,0.619068285682389,2249.5
-0.0795665071063107,-0.214675497995005,-7.95069300052402,-0.331777061596353,6.49122855401731,0.617497489355594,2249.5
-0.0950484832122978,-0.223402144255481,-8.06111929259303,-0.331777079262825,6.46888833959178,0.622209878335978,2249.5
-0.0751978403942263,-0.230383461263464,-8.06111927500208,-0.442369221656848,6.44584999346546,0.61854468690679,2220
-0.127181268250255,-0.235619449018907,-8.17154556555927,-0.442369239627147,6.42228804856353,0.63093652459595,2249.5
-0.14380466676093,-0.242600766027435,-8.28197185747275,-0.442369257797891,6.39802797196081,0.62168627956038,2249.5
0.0794513936471474,-0.247836753782859,-8.28197185747275,-0.442369257797891,6.37324429658249,0.618021088131192,2249.5
0.0570083593821749,-0.254818070791397,-8.39239814787442,-0.442369276272463,6.34776248950338,0.624217006975772,2220
0.025318474710515,-0.263544717051385,-8.50282444092025,-0.442369295016135,6.32140801779826,0.62168627956038,2220
0.0100216065442745,-0.268780704806761,-8.6132507311664,-0.442369313994979,6.29452994731755,0.616973890579996,2249.5
-0.0138761589731949,-0.270526034059359,-8.6132507311664,-0.442369313994979,6.26747734391164,0.623257075887175,2220
-0.0287849494336722,-0.277507351066729,-8.72367702319815,-0.442369333197154,6.23972660880493,0.620639082009184,2309.5
-0.047371302023613,-0.280998009571343,-8.83410331364962,-0.442369352571366,6.21162680784782,0.617497489355594,2429.5
-0.0885073242881877,-0.287979326579326,-8.83410331364962,-0.442369352571366,6.18282887518991,0.61854468690679,2429.5
-0.113932415948923,-0.289724655830663,-8.94452960552585,-0.442369372277812,6.15385640960681,0.618021088131192,2429.5
-0.10490315246101,-0.296705972839305,-9.05495589747052,-0.442369392116048,6.1241858123229,0.620639082009184,2429.5
-0.165989083615612,-0.300196631342614,-9.16538218919124,-0.442369412326768,6.0941661491886,0.61854468690679,2460
-0.192258712466767,-0.303687289847288,-9.16538218919124,-0.442369412326768,6.0637974202039,0.622209878335978,2429.5
-0.163763281098895,-0.303687289847288,-9.27580847976097,-0.442369432732409,6.0334286912192,0.628405797180558,2429.5
-0.183181507130196,-0.303687289846607,-9.38623477132617,-0.442369453447401,6.0030599622345,0.618021088131192,2429.5
-0.270201347318287,-0.30717794835128,-9.38623477132617,-0.442369453447401,5.9723421673994,0.619591884457987,2429.5
-0.295905750170034,-0.307177948350582,-9.49666106174038,-0.442369474357315,5.9416243725643,0.621162680784782,2339.5
-0.241321338604362,-0.312413936107267,-9.60708735351091,-0.442369495467675,5.9103829789536,0.620639082009184,2220
-0.347162022142354,-0.310668606855272,-9.71751364670618,-0.442369516910269,5.8793161182681,0.622209878335978,2310
-0.171791974837904,-0.312413936106557,-9.71751364670618,-0.442369516910269,5.8480747246574,0.622209878335978,2429.5
-0.100341510002041,-0.312413936107276,-9.82793993746262,-0.44236953847913,5.8168333310467,0.620115483233585,2489
-0.122004917555731,-0.31415926535854,-9.93836625102989,-0.331777418060382,5.7854174045108,0.619068285682389,2429.5
-0.1434286099819,-0.312413936107276,-9.93836625102989,-0.331777418060382,5.7541760109001,0.61854468690679,2489
-0.164593848827265,-0.310668606855272,-10.0487925424209,-0.331777440047497,5.72310915021461,0.623693408200174,2489
-0.185717770969039,-0.312413936106557,-10.0487925424209,-0.331777440047497,5.69186775660391,0.615926693028799,2429.5
-0.206543982989478,-0.310668606855281,-10.1592188327979,-0.331777462493113,5.66080089591841,0.615403094253201,2489
-0.227401422055566,-0.31415926535854,-10.2696451487854,-0.221185342254049,5.62938496938251,0.62788219840496,2489
-0.216203405251356,-0.310668606855281,-10.2696451487854,-0.221185342254049,5.59831810869701,0.616450291804397,2429.5
-0.101093207743445,-0.310668606855272,-10.3800714410848,-0.221185365186575,5.56725124801151,0.622209878335978,2399
-0.137906109781743,-0.312413936106557,-10.4904977554734,-0.110593245540974,5.53600985440081,0.622209878335978,2249.5
-0.307618660177849,-0.310668606855272,-10.4904977554734,-0.110593245540974,5.50494299371532,0.614355896702004,2159
-0.0144773435581177,-0.310668606854574,-10.4904977554734,-0.110593245540974,5.47387613302982,0.620115483233585,2220
-0.181292917326635,-0.30717794835128,-10.6009240484075,-0.110593268891753,5.44315833819472,0.614879495477602,2189.5
-0.0528211040221173,-0.30717794835128,-10.600924071716,-1.12636596816262e-06,5.41244054335962,0.617497489355594,2159
-0.245127669135233,-0.307177948350582,-10.7113503631383,-1.15002057471392e-06,5.38172274852452,0.62474060575137,2220
-0.0909655619568332,-0.307177948351289,-10.7113503866522,0.110590992456267,5.35100495368941,0.625264204526969,2189.5
-0.291075538820116,-0.30543261909859,-10.82177667986,0.11059096857833,5.32046169177951,0.620639082009184,2159
-0.128660027895619,-0.30717794835128,-10.82177667986,0.11059096857833,5.28974389694441,0.622209878335978,2220
-0.335805288347902,-0.303687289847288,-10.9322029968555,0.221183087111978,5.25937516795971,0.619591884457987,2189.5
-0.165556182801301,-0.303687289846589,-10.9322029968555,0.221183087111978,5.22900643897501,0.618021088131192,2189.5
-0.275362712376462,-0.300196631343306,-11.042629314778,0.331775205468065,5.19898677584071,0.622646210648977,2220
-0.201531963963223,-0.301941960594606,-11.042629314778,0.331775205468065,5.16879257978121,0.622209878335978,2189.5
-0.218998517724664,-0.296705972839305,-11.1530556317549,0.442367323464812,5.1391219824973,0.620551815546584,2220
-0.236272294609807,-0.296705972839305,-11.1530556317549,0.442367323464812,5.1094513852134,0.619068285682389,2220
-0.253238333112794,-0.294960643586639,-11.1530556317549,0.442367323464812,5.0799553208547,0.631983722147147,2220
-0.0617181266633124,-0.296705972839305,-11.2634819510835,0.552959441182713,5.05028472357079,0.620639082009184,2220
-0.0760737332569466,-0.293215314334647,-11.2634819510835,0.552959441182713,5.02096319213729,0.619591884457987,2220
-0.241561903257353,-0.291469985083318,-11.2634819756427,0.663551583605316,4.99181619362898,0.619068285682389,2220
-0.104323416435405,-0.289724655831322,-11.2634819756427,0.663551583605316,4.96284372804588,0.625787803302567,2220
-0.0695699073751916,-0.28797932657868,-11.3739082937333,0.774143701185083,4.93404579538797,0.615926693028799,2249.5
-0.348638836334853,-0.286233997327321,-11.3739082937333,0.774143701185083,4.90542239565526,0.620639082009184,2220
-0.327145072046883,-0.28623399732668,-11.3739083189955,0.884735843635017,4.87679899592256,0.615926693028799,2220
-0.158854752639967,-0.284488668075335,-11.4843346137463,0.884735818393416,4.84835012911505,0.623169809424575,2220
-0.148374844778514,-0.284488668075335,-11.4843346394379,0.99532796093594,4.81990126230754,0.620639082009184,2220
-0.387795846465917,-0.282743338822696,-11.4843346394379,0.99532796093594,4.79162692842523,0.624217006975772,2189.5
-0.186645956850703,-0.280998009571343,-11.4843346649054,1.10592010333693,4.76352712746812,0.614879495477602,2220
-0.205274978032989,-0.277507351066729,-11.5947609858269,1.2165122202927,4.73577639236141,0.62168627956038,2220
-0.223630281222368,-0.275762021815347,-11.5947609858269,1.2165122202927,4.7082001901799,0.623257075887175,2189.5
-0.241586463850333,-0.272271363311364,-11.5947610111389,1.32710436253585,4.68097305384879,0.618981019219789,2220
-0.025927083447545,-0.272271363310745,-11.5947610111389,1.32710436253585,4.65374591751768,0.635648913576335,2189.5
-0.0569095697197902,-0.272271363311364,-11.5947610369487,1.43769650531717,4.62651878118657,0.618021088131192,2189.5
-0.294217232235276,-0.270526034058753,-11.5947610369487,1.43769650531717,4.59946617778066,0.620639082009184,2220
-0.311380042931239,-0.272271363311355,-11.5947610625345,1.548288647726,4.57223904144955,0.62168627956038,2189.5
-0.328204260534167,-0.270526034059368,-11.7051873848621,1.65888076462096,4.54518643804363,0.623169809424575,2189.5
-0.344788297989674,-0.270526034058753,-11.7051873848621,1.65888076462096,4.51813383463772,0.619068285682389,2220
-0.361015488072157,-0.268780704807381,-11.7051874110825,1.76947290695797,4.49125576415701,0.623257075887175,2189.5
-0.162662291279795,-0.265290046302769,-11.7051874110825,1.76947290695797,4.46472675952669,0.615403094253201,2189.5
-0.179780819372406,-0.267035375555376,-11.7051874366497,1.88006504940728,4.43802322197118,0.622209878335978,2220
-0.196549939255955,-0.263544717051385,-11.7051874626462,1.99065719194918,4.41166875026607,0.623693408200174,2189.5
-0.213182552437866,-0.263544717050786,-11.7051874626462,1.99065719194918,4.38531427856095,0.618021088131192,2189.5
-0.229775757229879,-0.265290046303372,-11.7051874884187,2.10124933446503,4.35878527393064,0.62474060575137,2220
-0.0411201551828053,-0.265290046302786,-11.7051874884187,2.10124933446503,4.33225626930032,0.622209878335978,2189.5
-0.0596242437556071,-0.265290046303381,-11.7051875143281,2.21184147683276,4.30572726467001,0.638703239767325,2189.5
-0.0779650756336951,-0.263544717051376,-11.5947612427056,2.32243364532121,4.2793727929649,0.620115483233585,2220
-0.0963726547052097,-0.265290046302777,-11.5947612427056,2.32243364532121,4.25284378833458,0.62168627956038,2189.5
-0.114712411833558,-0.265290046303381,-11.5947612683911,2.43302578766289,4.22631478370427,0.636172512351933,2189.5
-0.216958657668839,-0.265290046302777,-11.5947612683911,2.43302578766289,4.19978577907396,0.623257075887175,2220
-0.340662516690905,-0.265290046303372,-11.5947612942818,2.5436179300711,4.17325677444364,0.620639082009184,2189.5
-0.0506468737190415,-0.265290046303381,-11.5947612942818,2.5436179300711,4.14672776981333,0.620115483233585,2189.5
-0.187135993613109,-0.265290046302786,-11.5947613198802,2.6542100723541,4.12019876518301,0.623257075887175,2220
-0.204944313572964,-0.265290046303372,-11.4843350211973,2.65421009793346,4.0936697605527,0.617497489355594,2189.5
-0.222492692757143,-0.263544717050786,-11.4843350468642,2.76480224066204,4.06731528884759,0.623257075887175,2189.5
0.070517861128452,-0.265290046303381,-11.4843350722386,2.87539438303445,4.04078628421727,0.622209878335978,2220
-0.257454286763934,-0.267035375555376,-11.4843350722386,2.87539438303445,4.01408274666176,0.620639082009184,2189.5
-0.128047010279326,-0.267035375554765,-11.3739087729024,2.87539440826421,3.98737920910625,0.612261501599611,2189.5
0.0204755838750585,-0.268780704807377,-11.3739087979845,2.98598655074235,3.96050113862553,0.625264204526969,2220
0.0035677054419132,-0.270526034058749,-11.3739087979845,2.98598655074235,3.93344853521962,0.628405797180558,2189.5
-0.325740600742725,-0.268780704807368,-11.2634825251551,3.09657871811802,3.90657046473891,0.62474060575137,2189.5
-0.178714026166292,-0.270526034059368,-11.2634825251551,3.09657871811802,3.879517861333,0.625787803302567,2220
-0.214625192426292,-0.270526034058757,-11.26348255015,3.20717086076843,3.85246525792708,0.622209878335978,2189.5
-0.203461849514747,-0.272271363311364,-11.26348255015,3.20717086076843,3.82523812159597,0.620639082009184,2220
-0.390974039006113,-0.274016692562732,-11.1530562744339,3.31776302796571,3.79783645233966,0.621599013097781,2220
-0.0981482753303622,-0.277507351067351,-11.1530562744339,3.31776302796571,3.77008571723295,0.636696111127531,2189.5
-0.297828675285154,-0.279252680319347,-11.1530562995657,3.42835517035254,3.74216044920104,0.624217006975772,2220
-0.252128446579193,-0.279252680318712,-11.0426300005719,3.42835519492335,3.71423518116913,0.628405797180558,2220
-0.149677111396767,-0.282743338823339,-11.0426300246896,3.53894733731358,3.68596084728682,0.620639082009184,2189.5
-0.0579270840927565,-0.284488668074683,-11.0426300246896,3.53894733731358,3.65751198047932,0.617497489355594,2220
-0.184054705378594,-0.286233997327335,-10.9322037245447,3.53894736168947,3.62888858074661,0.620115483233585,2220
-0.0630664941029465,-0.287979326578996,-10.8217774478643,3.64953952799051,3.5712927154308,0.623257075887175,2220
-0.148867043415044,-0.289724655831322,-10.8217774478643,3.64953952799051,3.54232024984769,0.62474060575137,2189.5
-0.251800949243214,-0.291469985082659,-10.7113511706676,3.76013169448671,3.51317325133939,0.619068285682389,2189.5
-0.268566025764051,-0.294960643587309,-10.7113511706676,3.76013169448671,3.48367718698068,0.62168627956038,2220
-0.285097462758293,-0.294960643587309,-10.7113511706676,3.76013169448671,3.45418112262198,0.62168627956038,2189.5
-0.0890005442661071,-0.294960643586639,-10.6009248941054,3.87072386033369,3.42468505826327,0.645510023850103,2189.5
-0.103376384786373,-0.296705972839305,-10.6009248941054,3.87072386033369,3.39501446097937,0.615926693028799,2220
-0.284457022084161,-0.298451302090622,-10.4904985927909,3.87072388374681,3.36516933077027,0.617497489355594,2189.5
-0.132091741870768,-0.300196631343301,-10.4904985927909,3.87072388374681,3.33514966763596,0.619068285682389,2189.5
-0.110362667335417,-0.300196631343297,-10.3800723157809,3.98131604919526,3.30513000450166,0.627271333166762,2220
-0.160415398154293,-0.300196631342614,-10.3800723157809,3.98131604919526,3.27511034136736,0.619591884457987,2189.5
-0.151787778271419,-0.303687289847293,-10.2696460143109,3.9813160721041,3.24474161238266,0.619591884457987,2189.5
-0.188479801164331,-0.303687289846598,-10.2696460143109,3.9813160721041,3.21437288339796,0.619591884457987,2220
-0.192893878287146,-0.303687289847288,-10.159219711329,3.98131609470912,3.18400415441326,0.622209878335978,2189.5
-0.213305632271353,-0.305432619099284,-10.1592197335555,4.09190823695804,3.15346089250335,0.619068285682389,2189.5
-0.23794950234774,-0.308923277602578,-10.0487934331494,4.09190825942575,3.12256856474305,0.621162680784782,2189.5
-0.0979605983979312,-0.310086830437705,-9.93836713294861,4.09190828149808,3.02954251561176,0.619068285682389,2189.5
-0.126000058544305,-0.310668606855272,-9.82794083073829,4.09190830342127,2.99847565492626,0.626311402078165,2189.5
-0.114824314971109,-0.31066860685457,-9.82794083073829,4.09190830342127,2.96740879424076,0.619591884457987,2189.5
-0.135037773055672,-0.310668606855272,-9.71751453038201,4.09190832498933,2.93634193355526,0.620639082009184,2189.5
-0.103488887324341,-0.312413936106562,-9.71751453038201,4.09190832498933,2.90510053994456,0.62168627956038,2189.5
-0.175277389973474,-0.312413936107267,-9.60708822679675,4.09190834634511,2.87385914633386,0.612261501599611,2189.5
-0.130173929727168,-0.314159265359263,-9.60708822679675,4.09190834634511,2.84244321979797,0.618021088131192,2189.5
-0.215051697649875,-0.314159265358553,-9.49666192535793,4.09190836758647,2.81102729326207,0.623169809424575,2220
-0.156420180142025,-0.314159265359268,-9.49666192535793,4.09190836758647,2.77961136672617,0.622209878335978,2189.5
-0.253977293054433,-0.314159265358549,-9.38623562455373,4.09190838840957,2.74819544019027,0.617497489355594,2189.5
-0.182049113433965,-0.314159265359263,-9.38623562455373,4.09190838840957,2.71677951365437,0.62168627956038,2220
-0.291796741233835,-0.312413936107272,-9.27580932295939,4.09190840914665,2.68553812004367,0.616450291804397,2189.5
-0.0113844473645172,-0.312413936106557,-9.27580932295939,4.09190840914665,2.65429672643298,0.616973890579996,2220
-0.136381634496439,-0.314159265359263,-9.16538302236052,4.09190842957438,2.62288079989708,0.616973890579995,2220
-0.15795130644061,-0.315904594610545,-9.16538300185124,3.98131628723392,2.59129034043598,0.625787803302567,2189.5
-0.179127705423177,-0.312413936107267,-9.05495670053068,3.98131630744384,2.56004894682528,0.620639082009184,2220
-0.200246083033129,-0.314159265359268,-8.94453039855687,3.98131632730417,2.52863302028938,0.61854468690679,2220
-0.397905672883714,-0.312413936106557,-8.94453039855687,3.98131632730417,2.49739162667869,0.618021088131192,2189.5
-0.103554081525412,-0.312413936107267,-8.83410409708079,3.98131634700982,2.46615023306799,0.622209878335978,2220
-0.118423723264824,-0.308923277602578,-8.83410409708079,3.98131634700982,2.43525790530769,0.622209878335978,2220
-0.133180361144265,-0.308923277603276,-8.83410407756697,3.87072420459096,2.40436557754739,0.627358599629362,2189.5
-0.147892175029453,-0.310668606855276,-8.72367777751564,3.87072422396437,2.37329871686189,0.61854468690679,2220
-0.00815022782490155,-0.308923277602573,-8.72367777751564,3.87072422396437,2.34240638910159,0.615926693028799,2189.5
-0.339591821232916,-0.307177948351284,-8.61325147588404,3.87072424316575,2.31168859426649,0.617497489355594,2189.5
-0.190717576042512,-0.307177948350582,-8.61325145729724,3.76013210091576,2.28097079943139,0.607636379081826,2220
-0.204466216434112,-0.303687289847288,-8.5028251570904,3.7601321197849,2.25060207044669,0.621162680784782,2189.5
-0.0842677599868289,-0.303687289847288,-8.5028251570904,3.7601321197849,2.22023334146199,0.599346065134853,2189.5
-0.4111534509881,-0.301941960594606,-8.5028251570904,3.7601321197849,2.19003914540248,0.620639082009184,2220
-0.244381121584616,-0.301941960595293,-8.39239883635564,3.64953999589216,2.15984494934298,0.622209878335978,2189.5
-0.139742383435815,-0.298451302090622,-8.28197253678341,3.64954001434305,2.12999981913388,0.617497489355594,2189.5
-0.348362318371971,-0.29670597283931,-8.28197253678341,3.64954001434305,2.10032922184998,0.620639082009184,2220
-0.175527993512893,-0.294960643587309,-8.28197251847038,3.53894787214327,2.07083315749127,0.620639082009184,2189.5
0.00379106000628573,-0.293215314334647,-8.17154621738633,3.53894789029034,2.04151162605777,0.619068285682389,2189.5
0.0839054326146346,-0.291469985083318,-8.17154619950259,3.4283557479522,2.01236462754946,0.619068285682389,2220
-0.227355575081905,-0.291469985082657,-8.17154619950259,3.4283557479522,1.98321762904116,0.614879495477602,2189.5
0.043556558486768,-0.287979326579324,-8.17154618146334,3.31776360557169,1.95441969638325,0.609643507721619,2189.5
-0.0533187049469601,-0.28623399732733,-8.06111988252572,3.31776362360433,1.92579629665054,0.619068285682389,2220
-0.0672793286292948,-0.28448866807469,-8.06111986462335,3.20717148107571,1.89734742984304,0.617497489355594,2189.5
-0.292201091579454,-0.282743338823336,-8.06111986462335,3.20717148107571,1.86907309596073,0.61854468690679,2189.5
-0.0357374148370395,-0.280998009570704,-8.06111986462335,3.20717148107571,1.84097329500362,0.617497489355594,2220
-0.108200205224515,-0.277507351067351,-7.95069354713013,3.09657935611467,1.81322255989691,0.616450291804397,2189.5
-0.121545184441827,-0.277507351067351,-7.95069352943308,2.98598721388353,1.7854718247902,0.613832297926406,2189.5
-0.310569439426675,-0.275762021814728,-7.95069352943308,2.98598721388353,1.75789562260869,0.617497489355594,2220
-0.147614743283765,-0.272271363311362,-7.95069352943308,2.98598721388353,1.73066848627758,0.62788219840496,2189.5
-0.160406528808218,-0.272271363310745,-7.84026721406766,2.87539508884853,1.70344134994647,0.619591884457987,2189.5
-0.172998572194264,-0.270526034059366,-7.84026721406766,2.87539508884853,1.67638874654055,0.625264204526969,2220
-0.167873161746873,-0.267035375555376,-7.84026719657595,2.76480294656846,1.64968520898504,0.627358599629362,2189.5
-0.197477335221489,-0.267035375554769,-7.84026719657595,2.76480294656846,1.62298167142953,0.624217006975772,2189.5
-0.203757551444963,-0.265290046303378,-7.84026717965041,2.65421080388645,1.59645266679921,0.622209878335978,2220
-0.221315897196491,-0.263544717050786,-7.72984087904546,2.65421082111098,1.5700981950941,0.621162680784782,2189.5
-0.238720535767785,-0.26354471705138,-7.72984086182752,2.54361867876565,1.54374372338898,0.620639082009184,2189.5
-0.244227190347906,-0.265290046303378,-7.72984084467802,2.43302653640401,1.51721471875867,0.615926693028799,2220
-0.05298544651574,-0.263544717050786,-7.72984084467802,2.43302653640401,1.49086024705356,0.620639082009184,2189.5
-0.0702816133620652,-0.261799387799387,-7.72984084467802,2.43302653640401,1.46468030827364,0.621162680784782,2189.5
-0.0582765408890365,-0.2600540585468,-7.7298408278023,2.3224343939771,1.43867490241893,0.619068285682389,2220
-0.104488895886636,-0.260054058547393,-7.72984081056573,2.2118422514413,1.41266949656421,0.617497489355594,2189.5
-0.121378464547274,-0.258308729295397,-7.72984081056573,2.2118422514413,1.38683862363469,0.617497489355594,2189.5
-0.138073775451447,-0.256563400042816,-7.72984079346604,2.10125010898833,1.36118228363038,0.614879495477602,2220
-0.103193881931291,-0.258308729295393,-7.72984079346604,2.10125010898833,1.33535141070086,0.61854468690679,2189.5
-0.171404595135058,-0.25830872929481,-7.7298407764348,1.99065796651906,1.30952053777135,0.620115483233585,2189.5
-0.125343383285701,-0.260054058547391,-7.7298407764348,1.99065796651906,1.28351513191663,0.620639082009184,2220
-0.204388233710359,-0.258308729295395,-7.7298407591796,1.88006582402373,1.25768425898711,0.619068285682389,2189.5
-0.147083350133014,-0.25830872929481,-7.7298407591796,1.88006582402373,1.2318533860576,0.624217006975772,2189.5
-0.236714614015336,-0.258308729295397,-7.729840741632,1.76947368140317,1.20602251312808,0.620639082009184,2220
-0.168359450825248,-0.256563400042816,-7.729840741632,1.76947368140317,1.18036617312376,0.617497489355594,2189.5
-0.268303441446706,-0.258308729295393,-7.72984072494297,1.65888153919875,1.15453530019425,0.622646210648977,2189.5
0.0104466634291809,-0.256563400043399,-7.72984072494297,1.65888153919875,1.12887896018993,0.615403094253201,2220
-0.102051291539596,-0.25830872929481,-7.72984070766914,1.54828939651294,1.10304808726042,0.623169809424575,2189.5
-0.0150073274690599,-0.256563400043399,-7.84026700540596,1.54828937918502,1.0773917472561,0.619591884457987,2189.5
-0.137402346998371,-0.256563400042816,-7.84026698813213,1.43769723684564,1.05173540725178,0.613308699150807,2220
-0.0405075486728692,-0.260054058547391,-7.84026698813213,1.43769723684564,1.02573000139707,0.615926693028799,2220
-0.35857554605285,-0.258308729295397,-7.84026697070279,1.32710509400198,0.999899128467551,0.624217006975772,2189.5
-0.0659852120211211,-0.260054058546801,-7.84026697070279,1.32710509400198,0.973893722612836,0.61854468690679,2220
-0.20774324864846,-0.26005405854739,-7.84026695334188,1.21651295171938,0.94788831675812,0.619591884457987,2220
-0.0915400286515109,-0.263544717050786,-7.95069324742044,1.21651293420206,0.921533845053006,0.618021088131192,2189.5
-0.242521577865346,-0.261799387799388,-7.95069322976713,1.10592079167877,0.895353906273091,0.619591884457987,2220
0.0516249028548188,-0.265290046303378,-7.95069322976713,1.10592079167877,0.868824901642777,0.619068285682389,2220
-0.277079079488157,-0.267035375554768,-7.95069321218227,0.995328649370121,0.842121364087264,0.619068285682389,2189.5
-0.142406165464195,-0.26529004630338,-8.06111950718785,0.995328631675241,0.81559235945695,0.620551815546584,2220
0.00160383345410969,-0.26878070480676,-8.06111948944747,0.884736489093265,0.788714288976238,0.615403094253201,2220
-0.0151970835380592,-0.268780704807371,-8.06111948944747,0.884736489093265,0.761836218495525,0.610254372959817,2159
-0.180161413462043,-0.270526034059367,-8.17154578294122,0.884736471094558,0.734783615089613,0.621162680784782,2220
-0.192709107240115,-0.274016692562736,-8.17154576477156,0.774144328650942,0.707381945833302,0.615926693028799,2220
-0.066244961279382,-0.27401669256336,-8.17154576477156,0.774144328650942,0.679980276576991,0.62788219840496,2159
-0.21751612401667,-0.27750735106672,-8.17154574637793,0.663552185950318,0.652229541470281,0.615926693028799,2220
-0.100625786696761,-0.27750735106735,-8.2819720407987,0.663552167774051,0.624478806363571,0.62474060575137,2220
-0.117920876725524,-0.280998009571343,-8.2819720407987,0.663552167774051,0.596379005406462,0.616973890579995,2189.5
0.170156508248696,-0.280998009570703,-8.39239831502162,0.55296000681454,0.568279204449354,0.62474060575137,2220
-0.152323982689385,-0.282743338823339,-8.39239831502162,0.55296000681454,0.540004870567046,0.618021088131192,2220
-0.169508359344706,-0.284488668074689,-8.50282461057474,0.552959988065345,0.511556003759538,0.616450291804397,2189.5
-0.186555557666625,-0.284488668075334,-8.50282459195716,0.442367845685088,0.48310713695203,0.633554518473942,2220
-0.203658098537223,-0.287979326579326,-8.50282459195716,0.442367845685088,0.454309204294124,0.616973890579995,2220
-0.220693840580446,-0.289724655830664,-8.61325086501047,0.331775684224703,0.425336738711018,0.602400391325843,2189.5
-0.0335943185888931,-0.291469985083318,-8.61325086501047,0.331775684224703,0.396189740202713,0.625787803302567,2220
-0.175276045872587,-0.293215314334647,-8.72367715833008,0.331775664953873,0.366868208769208,0.62474060575137,2220
-0.0625075433021469,-0.29496064358731,-8.72367715833008,0.331775664953873,0.337372144410504,0.62168627956038,2189.5
-0.0100058088186399,-0.29496064358731,-8.83410343136477,0.221183502956586,0.3078760800518,0.623693408200174,2189.5
-0.0914587782563462,-0.298451302090623,-8.83410343136477,0.221183502956586,0.278030949842697,0.620115483233585,2220
-0.266190927292307,-0.300196631343298,-8.94452972452886,0.221183483181484,0.248011286708394,0.619068285682389,2189.5
-0.0726589658333397,-0.300196631342615,-8.94452972452886,0.221183483181484,0.217991623574092,0.620115483233585,2189.5
-0.0935989560281508,-0.301941960595294,-9.05495599783731,0.11059132065704,0.18779742751459,0.624217006975772,2220
-0.149281128443911,-0.305432619099286,-9.16538229077745,0.110591300509454,0.157254165604689,0.621162680784782,2189.5
-0.135562746082197,-0.303687289846599,-9.16538229077745,0.110591300509454,0.126885436619988,0.617497489355594,2189.5
0.0637334323153178,-0.305432619099285,-9.16538229077745,0.110591300509454,0.096342174710087,0.619068285682389,2220
-0.191821896977129,-0.308923277602575,-9.27580858220576,0.110591280058042,0.0654498469497874,0.622209878335978,2189.5
-0.19816055656496,-0.308923277603277,-9.38623487541966,0.110591259383298,0.0345575191894877,0.618021088131192,2220
-0.218870303412505,-0.310668606855273,-9.38623485484234,-8.83121951178456e-07,0.00349065850398866,0.623169809424575,2220
-0.23936882601796,-0.310668606854559,-9.49666114647598,-9.03968731980065e-07,-0.0275762021815096,0.618021088131192,2189.5
-0.246766941021734,-0.312413936107276,-9.49666114647598,-9.03968731980065e-07,-0.0588175957922088,0.623693408200174,2220
-0.0597039503204738,-0.314159265358549,-9.60708743867579,-9.25101976800846e-07,-0.0902335223281066,0.61854468690679,2220
-0.0805160487488944,-0.315904594611268,-9.60708743867579,-9.25101976800846e-07,-0.121823981789205,0.620115483233585,2189.5
-0.1012478007683,-0.315904594611259,-9.71751373309048,-9.46481437502644e-07,-0.153414441250302,0.621162680784782,2220
-0.121992185091987,-0.317649923862533,-9.82794002470549,-9.68096069364766e-07,-0.185179433636598,0.612785100375209,2220
-0.142726411362441,-0.319395253115251,-9.82794002470549,-9.68096069364766e-07,-0.217118958948094,0.619068285682389,2189.5
-0.163427117393573,-0.321140582366516,-9.93836631774525,-9.90042935966606e-07,-0.24923301718479,0.623693408200174,2220
-0.122565466803279,-0.31939525311526,-9.93836631774525,-9.90042935966606e-07,-0.281172542496287,0.616450291804397,2189.5
-0.203971729843349,-0.317649923863255,-10.0487926087755,-1.01213895492558e-06,-0.312937534882583,0.616973890579996,2189.5
-0.149187083993342,-0.315904594610541,-10.0487926087755,-1.01213895492558e-06,-0.344527994343681,0.638790506229925,2220
-0.243581314923615,-0.319395253115251,-10.1592189003718,-1.03452143795923e-06,-0.376467519655177,0.615926693028799,2189.5
-0.263027408728241,-0.317649923862533,-10.1592189003718,-1.03452143795923e-06,-0.408232512041473,0.614355896702004,2189.5
-0.282521956453917,-0.322885911619251,-10.2696451941831,-1.0571501368184e-06,-0.440521103203369,0.623169809424575,2220
-0.301413090116093,-0.317649923863255,-10.3800714872727,-1.07999664394898e-06,-0.472286095589665,0.627358599629362,2189.5
-0.126443743389135,-0.319395253114524,-10.3800714872727,-1.07999664394898e-06,-0.504225620901162,0.620639082009184,2189.5
-0.148435904472518,-0.321140582367255,-10.490497778782,-1.10301518874145e-06,-0.536339679137858,0.629889327044754,2220
-0.051211967930347,-0.317649923862533,-10.4904978022959,0.110591039461653,-0.568104671524154,0.62168627956038,2189.5
-0.193578979290419,-0.349065850399179,-10.6009240952299,0.110591016110874,-0.603011256564041,0.622122611873379,2189.5
-0.0837465764915031,-0.315904594611268,-10.6009240952299,0.110591016110874,-0.634601716025139,0.619591884457987,2220
-0.40954961459656,-0.317649923862533,-10.7113503866522,0.110590992456267,-0.666366708411435,0.616973890579995,2189.5
-0.141902276112314,-0.314159265359263,-10.7113503866522,0.110590992456267,-0.697782634947333,0.626311402078165,2189.5
-0.245294526934362,-0.315904594610541,-10.82177667986,0.11059096857833,-0.72937309440843,0.631460123371548,2220
