timestamp,latitude,longitude,speedMps,Calc_deg_servo_1,Calc_deg_servo_2,roll,pitch,yaw,zigzag_yaw,rpm_prop_1,rpm_prop_2,battery_1,battery_2,mode_auto,x_enu_flat,y_enu_flat,z_enu_flat,X_ecef,Y_ecef,Z_ecef,x_enu_ecef,y_enu_ecef,z_enu_ecef
3576.414,-7.286456,112.795825,0.23,-0.13,-1.2,3.07,0.13,195.89,0,0,0,12.13,12.01,0,0,0,0,-2451374.75294739,5832779.80296257,-803567.884272695,-0,0,0
3576.514,-7.286456,112.795826,0.23,0.04,-1.2,2.96,0.14,195.39,0,120,60,12.06,12.03,0,0.11029696789357,0,0,-2451374.8547486,5832779.76017801,-803567.884272695,0.110426470776128,-9.71711947017617e-11,-7.59965160246345e-10
3576.614,-7.286456,112.795826,0.2,0.04,-2.63,2.95,0.24,194.89,0,360,300,12.12,12.02,0,0.11029696789357,0,0,-2451374.8547486,5832779.76017801,-803567.884272695,0.110426470776128,-9.71711947017617e-11,-7.59965160246345e-10
3576.714,-7.286456,112.795826,0.13,0.04,-1.86,3.05,0.4,194.37,0,660,600,12.24,12.02,0,0.11029696789357,0,0,-2451374.8547486,5832779.76017801,-803567.884272695,0.110426470776128,-9.71711947017617e-11,-7.59965160246345e-10
3576.814,-7.286456,112.795826,0.12,-0.13,-1.62,3.25,0.52,193.84,0,960,900,12.13,12,0,0.11029696789357,0,0,-2451374.8547486,5832779.76017801,-803567.884272695,0.110426470776128,-9.71711947017617e-11,-7.59965160246345e-10
3576.914,-7.286456,112.795826,0.1,0.04,-0.67,3.51,0.63,193.3,0,1320,1259,12.02,12,0,0.11029696789357,0,0,-2451374.8547486,5832779.76017801,-803567.884272695,0.110426470776128,-9.71711947017617e-11,-7.59965160246345e-10
3577.014,-7.286456,112.795826,0.15,0.57,-1.56,3.7,0.74,192.75,0,1679,1620,12.07,11.99,0,0.11029696789357,0,0,-2451374.8547486,5832779.76017801,-803567.884272695,0.110426470776128,-9.71711947017617e-11,-7.59965160246345e-10
3577.114,-7.286456,112.795827,0.3,0.81,-1.2,3.77,0.84,192.21,0,2040,1979,12.31,12.07,0,0.220593934219727,0,0,-2451374.95654981,5832779.71739344,-803567.884272695,0.220852941844647,-4.35012238036991e-10,-3.4021826050834e-09
3577.214,-7.286456,112.795827,0.28,-0.19,-1.62,3.7,0.93,191.66,0,2400,2400,12.15,12.02,0,0.220593934219727,0,0,-2451374.95654981,5832779.71739344,-803567.884272695,0.220852941844647,-4.35012238036991e-10,-3.4021826050834e-09
3577.314,-7.286456,112.795827,0.28,-0.13,-2.33,3.56,1.03,191.12,0,2759,2759,12.32,12.06,0,0.220593934219727,0,0,-2451374.95654981,5832779.71739344,-803567.884272695,0.220852941844647,-4.35012238036991e-10,-3.4021826050834e-09
3577.414,-7.286455,112.795827,0.39,0.45,-1.97,3.43,1.17,190.59,0,3180,3180,12.44,11.99,0,0.220593934219727,0.111194926660101,0,-2451374.96198432,5832779.73032427,-803567.774573648,0.220852942677065,0.110592138602113,-5.10775123065133e-09
3577.514,-7.286455,112.795828,0.29,0.57,-0.25,3.4,1.32,190.05,0,3480,3480,12.3,12.05,0,0.330890900545883,0.111194926660101,0,-2451375.06378553,5832779.68753971,-803567.774573648,0.331279411959977,0.110592138040965,-9.49642712556875e-09
3577.614,-7.286455,112.795828,0.28,-0.31,-1.2,3.52,1.46,189.51,0,3600,3659,12.43,12.04,0,0.330890900545883,0.111194926660101,0,-2451375.06378553,5832779.68753971,-803567.774573648,0.331279411959977,0.110592138040965,-9.49642712556875e-09
3577.714,-7.286455,112.795828,0.6,-0.31,-1.86,3.67,1.54,188.98,0,3719,3780,12.32,11.76,0,0.330890900545883,0.111194926660101,0,-2451375.06378553,5832779.68753971,-803567.774573648,0.331279411959977,0.110592138040965,-9.49642712556875e-09
3577.814,-7.286455,112.795829,0.66,-0.19,-0.85,3.75,1.61,188.45,0,3840,3840,12.36,12.02,0,0.441187866872039,0.111194926660101,0,-2451375.16558674,5832779.64475514,-803567.774573648,0.441705883183986,0.110592137198902,-1.60821118731086e-08
3577.914,-7.286455,112.795829,0.52,0.21,-1.56,3.76,1.69,187.92,0,3840,3900,12.07,11.97,0,0.441187866872039,0.111194926660101,0,-2451375.16558674,5832779.64475514,-803567.774573648,0.441705883183986,0.110592137198902,-1.60821118731086e-08
3578.014,-7.286455,112.79583,0.51,1.23,-2.33,3.74,1.76,187.38,0,3900,3959,12.24,11.99,0,0.551484833198195,0.111194926660101,0,-2451375.26738795,5832779.60197057,-803567.774573648,0.552132353412517,0.110592136047521,-2.50869370919254e-08
3578.114,-7.286455,112.795831,0.54,0.45,1.52,3.69,1.85,186.84,0,3900,3959,12.26,11.97,0,0.661781801091766,0.111194926660101,0,-2451375.36918916,5832779.559186,-803567.774573648,0.662558826079883,0.110592134769883,-3.50792008860928e-08
3578.214,-7.286455,112.795832,0.67,0.21,-1.86,3.66,1.9,186.27,0,3959,3959,12.35,12.06,0,0.772078767417922,0.111194926660101,0,-2451375.47099037,5832779.51640143,-803567.774573648,0.772985296103065,0.110592133223173,-4.71758486251389e-08
3578.314,-7.286455,112.795832,0.67,0.99,-2.33,3.76,1.93,185.69,0,4019,3959,12.29,12.03,0,0.772078767417922,0.111194926660101,0,-2451375.47099037,5832779.51640143,-803567.774573648,0.772985296103065,0.110592133223173,-4.71758486251389e-08
3578.414,-7.286454,112.795833,0.7,0.51,-1.2,3.96,1.97,185.08,0,4019,4019,12.17,11.97,0,0.882375733744078,0.222389853320203,0,-2451375.57822609,5832779.48654769,-803567.664874601,0.883411769192152,0.221184270076528,-6.50425611287142e-08
3578.514,-7.286454,112.795834,0.9,0.45,-1.86,4.09,2.03,184.46,0,4019,4080,12.37,12,0,0.992672700070235,0.222389853320203,0,-2451375.68002729,5832779.44376311,-803567.664874601,0.993838239370824,0.221184268025596,-8.10826761982186e-08
3578.614,-7.286454,112.795835,0.98,0.75,-1.68,4.09,2.08,183.85,0,4019,4019,12.12,11.99,0,1.10296966639639,0.222389853320203,0,-2451375.7818285,5832779.40097853,-803567.664874601,1.1042647110613,0.221184265670865,-9.94987627428445e-08
3578.714,-7.286454,112.795835,0.86,0.99,-1.62,4.05,2.11,183.23,0,4019,4019,12.36,12.04,0,1.10296966639639,0.222389853320203,0,-2451375.7818285,5832779.40097853,-803567.664874601,1.1042647110613,0.221184265670865,-9.94987627428445e-08
3578.814,-7.286454,112.795836,0.8,0.04,-1.02,4.03,2.12,182.6,0,4019,4080,12.46,12.04,0,1.21326663272255,0.222389853320203,0,-2451375.8836297,5832779.35819395,-803567.664874601,1.21469118096618,0.221184263092828,-1.19661307820818e-07
3578.914,-7.286454,112.795837,0.96,0.57,-1.62,4.07,2.11,181.97,0,4019,4019,12.39,12.05,0,1.32356360061612,0.222389853320203,0,-2451375.98543091,5832779.31540937,-803567.664874601,1.32511765410002,0.221184260302523,-1.41483973495338e-07
3579.014,-7.286453,112.795838,1.06,0.04,-1.86,4.13,2.1,181.33,0,4019,4019,12.12,12.03,0,1.43386056694227,0.333584779980304,0,-2451376.09266662,5832779.28555562,-803567.555175554,1.43554412736318,0.331776396461257,-1.69372660431544e-07
3579.114,-7.286453,112.795839,1.08,2.3,-0.07,4.21,2.09,180.68,0,4019,4080,12.29,12,0,1.54415753326843,0.333584779980304,0,-2451376.19446783,5832779.24277103,-803567.555175554,1.5459705990038,0.331776393206976,-1.9482403693788e-07
3579.214,-7.286453,112.79584,0.98,0.81,-1.86,4.28,2.08,180.01,0,4019,4019,12.13,12.02,0,1.65445449959459,0.333584779980304,0,-2451376.29626903,5832779.19998644,-803567.555175554,1.65639706964895,0.331776389643376,-2.22694553721203e-07
3579.314,-7.286453,112.795841,1.03,0.27,-1.68,4.31,2.09,179.35,0,4019,4080,12.13,12.02,0,1.76475146592074,0.333584779980304,0,-2451376.39807023,5832779.15720185,-803567.555175554,1.76682354137661,0.331776385753096,-2.53120004879703e-07
3579.414,-7.286453,112.795842,0.94,-0.19,-0.96,4.3,2.09,178.68,0,3959,4019,12.12,11.89,0,1.8750484322469,0.333584779980304,0,-2451376.49987143,5832779.11441727,-803567.555175554,1.87725001181641,0.331776381794168,-2.8408234434979e-07
3579.514,-7.286453,112.795843,1.16,0.57,-1.26,4.28,2.09,178.02,0,3959,3959,12.46,12.04,0,1.98534540014047,0.333584779980304,0,-2451376.60167263,5832779.07163267,-803567.555175554,1.98767648498743,0.331776377468313,-3.17914374638184e-07
3579.614,-7.286453,112.795844,1.12,0.81,-1.14,4.26,2.09,177.35,0,3959,4019,11.94,11.99,0,2.09564236646663,0.333584779980304,0,-2451376.70347383,5832779.02884808,-803567.555175554,2.09810295680213,0.331776372942034,-3.53313900726404e-07
3579.714,-7.286453,112.795845,1.1,0.04,-1.02,4.27,2.08,176.68,0,3959,4019,12.02,12.01,0,2.20593933279278,0.333584779980304,0,-2451376.80527503,5832778.98606348,-803567.555175554,2.20852942683122,0.331776368192449,-3.90459885125927e-07
3579.814,-7.286453,112.795846,1.16,-0.31,-1.97,4.34,2.04,176.01,0,3959,4019,12.1,11.97,0,2.31623629911894,0.333584779980304,0,-2451376.90707622,5832778.94327889,-803567.555175554,2.31895589880142,0.331776363161948,-4.29802878433583e-07
3579.914,-7.286453,112.795848,1.37,0.45,-1.97,4.42,2.01,175.34,0,3959,4019,12.36,12.05,0,2.53683023333866,0.333584779980304,0,-2451377.11067862,5832778.85770969,-803567.555175554,2.53980884282885,0.331776352464947,-5.1346293975657e-07
3580.014,-7.286453,112.795849,1.22,0.57,-1.56,4.51,1.98,174.67,0,4019,4080,12.08,11.97,0,2.64712719966482,0.333584779980304,0,-2451377.21247981,5832778.81492508,-803567.555175554,2.65023531273963,0.331776346684034,-5.58674821550531e-07
3580.114,-7.286453,112.79585,1.32,0.21,-1.2,4.61,1.97,174,0,4080,4080,12.36,12.01,0,2.75742416599098,0.333584779980304,0,-2451377.31428101,5832778.77214048,-803567.555175554,2.76066178465997,0.331776340753981,-6.05053104653364e-07
3580.214,-7.286453,112.795851,1.3,0.81,-0.96,4.69,1.95,173.33,0,4019,4080,12.37,11.98,0,2.86772113231713,0.333584779980304,0,-2451377.4160822,5832778.72935587,-803567.555175554,2.87108825515554,0.331776334491729,-6.54029491044261e-07
3580.314,-7.286453,112.795851,1.3,0.45,-2.39,4.71,1.93,172.65,0,4019,4080,12.19,12.06,0,2.86772113231713,0.333584779980304,0,-2451377.4160822,5832778.72935587,-803567.555175554,2.87108825515554,0.331776334491729,-6.54029491044261e-07
3580.414,-7.286454,112.795853,1.15,-0.13,-6.67,4.64,1.9,171.96,0,4019,4080,12.04,11.97,0,3.08831506496945,0.222389853320203,0,-2451377.61425007,5832778.63085583,-803567.664874601,3.09194119052362,0.221184182084711,-7.53216832807824e-07
3580.514,-7.286454,112.795855,1.22,0.04,-0.9,4.54,1.88,171.28,0,4019,4080,12.21,12.04,0,3.30890899918917,0.222389853320203,0,-2451377.81785245,5832778.5452866,-803567.664874601,3.31279413356149,0.221184167875517,-8.64345371401343e-07
3580.614,-7.286454,112.795856,1.38,0.27,-0.67,4.52,1.85,170.6,0,4080,4080,12.04,11.97,0,3.41920596551533,0.222389853320203,0,-2451377.91965364,5832778.50250199,-803567.664874601,3.423220605519,0.221184160409915,-9.22733019007027e-07
3580.714,-7.286454,112.795857,1.29,-0.07,-1.97,4.57,1.81,169.91,0,4019,4080,12.17,11.95,0,3.52950293184148,0.222389853320203,0,-2451378.02145483,5832778.45971737,-803567.664874601,3.53364707533008,0.221184152829899,-9.82015480391341e-07
3580.814,-7.286454,112.795858,1.26,-0.19,-1.56,4.66,1.77,169.22,0,4019,4080,12.36,12.02,0,3.63979989816764,0.222389853320203,0,-2451378.12325602,5832778.41693275,-803567.664874601,3.6440735465845,0.22118414481431,-1.04470452101657e-06
3580.914,-7.286454,112.79586,1.49,-0.55,-1.14,4.72,1.74,168.54,0,4080,4080,12.42,12.04,0,3.86039383238737,0.222389853320203,0,-2451378.32685839,5832778.33136351,-803567.664874601,3.86492648960969,0.221184128170014,-1.17487771390812e-06
3581.014,-7.286454,112.795861,1.43,0.45,-1.14,4.75,1.71,167.85,0,3959,4019,12.12,12,0,3.97069079871352,0.222389853320203,0,-2451378.42865958,5832778.28857889,-803567.664874601,3.97535296009258,0.221184119472661,-1.24289875470807e-06
3581.114,-7.286454,112.795862,1.38,0.04,-0.79,4.72,1.69,167.15,0,3959,4019,11.94,12.06,0,4.08098776503968,0.222389853320203,0,-2451378.53046076,5832778.24579426,-803567.664874601,4.08577943129715,0.22118411055752,-1.31262308501745e-06
3581.214,-7.286455,112.795863,1.41,0.04,-1.68,4.68,1.66,166.46,0,3959,4019,12.43,12,0,4.19128473136584,0.111194926660101,0,-2451378.62682743,5832778.19007881,-803567.774573648,4.19620589206945,0.110591962721533,-1.38065032463143e-06
3581.314,-7.286455,112.795865,1.43,-0.31,-0.85,4.6,1.64,165.77,0,4019,4080,12.44,12.03,0,4.41187866558556,0.111194926660101,0,-2451378.83042979,5832778.10450955,-803567.774573648,4.41705883501352,0.11059194351036,-1.53089877942027e-06
3581.414,-7.286455,112.795866,1.49,-0.19,-1.97,4.57,1.62,165.02,0,4080,4080,12.06,12.02,0,4.52217563191172,0.111194926660101,0,-2451378.93223098,5832778.06172492,-803567.774573648,4.52748530659752,0.110591933718551,-1.60747943679131e-06
3581.514,-7.286455,112.795867,1.36,2.18,-1.62,4.61,1.62,164.33,0,4019,4140,12.44,12.05,0,4.63247259823788,0.111194926660101,0,-2451379.03403216,5832778.01894028,-803567.774573648,4.63791177632746,0.110591923571659,-1.68683716029495e-06
3581.614,-7.286455,112.795869,1.51,-0.07,-1.2,4.69,1.59,163.64,0,4019,4080,12.36,11.99,0,4.85306653089019,0.111194926660101,0,-2451379.23763452,5832777.93337101,-803567.774573648,4.85876471788394,0.110591902492736,-1.85169308298573e-06
3581.714,-7.286456,112.79587,1.55,0.75,-1.86,4.78,1.57,162.94,0,4080,4080,12.31,11.99,0,4.96336349721634,0,0,-2451379.33400117,5832777.87765554,-803567.884272695,4.96919117799033,-2.47544263837218e-07,-1.93601631481854e-06
3581.814,-7.286456,112.795872,1.37,0.45,-1.86,4.83,1.54,162.25,0,4019,4080,12.06,11.98,0,5.18395743143607,0,0,-2451379.53760353,5832777.79208626,-803567.884272695,5.19004412008173,-2.70004077235209e-07,-2.11167203212348e-06
3581.914,-7.286456,112.795873,1.59,0.04,-1.97,4.83,1.53,161.57,0,4019,4140,12.31,12.06,0,5.29425439776223,0,0,-2451379.63940471,5832777.74930161,-803567.884272695,5.30047058991731,-2.81554743103429e-07,-2.20200851264174e-06
3582.014,-7.286457,112.795874,1.45,-0.19,-1.86,4.79,1.52,160.87,0,4080,4080,12.2,11.98,0,5.40455136408838,-0.111194926660101,0,-2451379.73577136,5832777.69358614,-803567.993971742,5.41089704890992,-0.110592432701438,-2.29684631214248e-06
3582.114,-7.286457,112.795875,1.48,0.04,-1.56,4.74,1.51,160.19,0,4019,4080,12.36,12.01,0,5.51484833041454,-0.111194926660101,0,-2451379.83757253,5832777.65080149,-803567.993971742,5.52132351804241,-0.110592444802091,-2.3914841852362e-06
3582.214,-7.286457,112.795877,1.6,-0.31,-1.62,4.72,1.47,159.49,0,4080,4140,12.06,12.01,0,5.73544226463427,-0.111194926660101,0,-2451380.04117488,5832777.56523218,-803567.993971742,5.74217645969184,-0.110592469719888,-2.58636351968371e-06
3582.314,-7.286458,112.795878,1.51,0.57,-1.2,4.73,1.43,158.8,0,4019,4019,12.42,12.04,0,5.84573923096042,-0.222389853221442,0,-2451380.13754153,5832777.5095167,-803568.103670788,5.85260291734672,-0.221184621257406,-2.68884732225819e-06
3582.414,-7.286458,112.79588,1.63,0.45,-0.9,4.69,1.42,158.1,0,3959,4019,12.26,12,0,6.06633316361274,-0.222389853221442,0,-2451380.34114387,5832777.42394739,-803568.103670788,6.07345585738463,-0.221184647670507,-2.89542126465439e-06
3582.514,-7.286458,112.795881,1.49,0.75,-1.62,4.61,1.44,157.41,0,4080,4080,12.25,12,0,6.17663012993889,-0.222389853221442,0,-2451380.44294504,5832777.38116273,-803568.103670788,6.18388232662275,-0.221184661174934,-3.00103789476272e-06
3582.614,-7.286459,112.795883,1.58,0.16,-0.9,4.56,1.44,156.73,0,4080,4140,12.36,12.03,0,6.39722406415862,-0.333584779881543,0,-2451380.64111285,5832777.28266258,-803568.213369835,6.40473525370843,-0.331776828141176,-3.22510592435515e-06
3582.714,-7.286459,112.795884,1.66,0.16,-1.97,4.53,1.4,156.05,0,4019,4080,12.07,12.05,0,6.50752103048477,-0.333584779881543,0,-2451380.74291402,5832777.23987791,-803568.213369835,6.51516172382372,-0.331776842367612,-3.33636931174747e-06
3582.814,-7.286459,112.795886,1.58,0.63,-1.2,4.54,1.34,155.37,0,4080,4080,12.12,12,0,6.72811496313709,-0.333584779881543,0,-2451380.94651635,5832777.15430858,-803568.213369835,6.73601466314586,-0.331776871765802,-3.56628930101716e-06
3582.914,-7.28646,112.795887,1.56,-0.37,-1.68,4.52,1.3,154.68,0,4080,4080,12.36,11.99,0,6.83841192946324,-0.444779706541644,0,-2451381.04288299,5832777.09859308,-803568.323068881,6.84644111649517,-0.442369025851772,-3.68962215042262e-06
3583.014,-7.28646,112.795888,1.57,-0.13,-1.74,4.43,1.28,153.98,0,4019,4140,12.42,12.02,0,6.94870889735681,-0.444779706541644,0,-2451381.14468415,5832777.0558084,-803568.323068881,6.95686758814086,-0.442369041149781,-3.80926619176353e-06
3583.114,-7.286461,112.79589,1.63,0.63,-2.15,4.31,1.28,153.3,0,4080,4080,12.3,12.04,0,7.16930283000913,-0.555974633201746,0,-2451381.34285195,5832776.95730822,-803568.432767926,7.17772051080266,-0.552961211464852,-4.06227869541309e-06
3583.214,-7.286461,112.795891,1.49,0.04,-2.15,4.3,1.29,152.62,0,4080,4080,12.36,12,0,7.27959979633528,-0.555974633201746,0,-2451381.44465311,5832776.91452355,-803568.432767926,7.28814698124753,-0.552961227467508,-4.18743369910712e-06
3583.314,-7.286461,112.795891,1.49,0.04,-1.86,4.46,1.27,151.95,0,4019,4140,12.37,12.04,0,7.27959979633528,-0.555974633201746,0,-2451381.44465311,5832776.91452355,-803568.432767926,7.28814698124753,-0.552961227467508,-4.18743369910712e-06
3583.414,-7.286463,112.795894,1.52,0.21,-1.2,4.73,1.25,151.28,0,4080,4080,12.37,12.02,0,7.61049069688117,-0.778364486521948,0,-2451381.73918753,5832776.76030783,-803568.652166017,7.61942635542909,-0.774145555039531,-4.59775778734184e-06
3583.514,-7.286463,112.795895,1.62,-0.19,-2.33,4.98,1.22,150.61,0,4019,4019,12.09,12,0,7.72078766320732,-0.778364486521948,0,-2451381.84098869,5832776.71752315,-803568.652166017,7.72985282453623,-0.774145572010386,-4.7304849694757e-06
3583.614,-7.286464,112.795896,1.54,-0.19,-0.85,5,1.2,149.94,0,3959,4019,12.32,11.94,0,7.83108462953348,-0.889559413083289,0,-2451381.93735531,5832776.66180763,-803568.761865062,7.84027927531572,-0.884737728281776,-4.88008858115507e-06
3583.714,-7.286464,112.795898,1.55,0.04,-1.02,4.76,1.2,149.28,0,4019,4080,12.44,12.01,0,8.05167856218579,-0.889559413083289,0,-2451382.14095762,5832776.57623825,-803568.761865062,8.06113221162608,-0.88473776347812,-5.15535530123956e-06
3583.814,-7.286465,112.795899,1.63,-0.31,-1.97,4.42,1.2,148.63,0,4019,4019,12.12,11.97,0,8.16197553007936,-1.00075433974339,0,-2451382.23732425,5832776.52052272,-803568.871564107,8.17155866443371,-0.995329920550949,-5.312144762043e-06
3583.914,-7.286465,112.7959,1.56,0.21,-1.02,4.2,1.2,147.99,0,3959,4019,12.29,11.97,0,8.27227249640552,-1.00075433974339,0,-2451382.3391254,5832776.47773803,-803568.871564107,8.28198513170538,-0.995329938644662,-5.45365369195028e-06
3584.014,-7.286466,112.795902,1.6,0.57,-1.86,4.18,1.18,147.34,0,4080,4080,12.37,12,0,8.49286642905783,-1.11194926640349,0,-2451382.53729317,5832776.3792378,-803568.981263152,8.50283804931458,-1.10592211512132,-5.76403414714877e-06
3584.114,-7.286467,112.795903,1.57,0.75,-1.97,4.35,1.14,146.7,0,4080,4140,12.09,11.97,0,8.60316339538399,-1.22314419306359,0,-2451382.63365978,5832776.32352226,-803569.090962196,8.61326449850115,-1.21651427307842,-5.93141087415483e-06
3584.214,-7.286467,112.795904,1.66,-1.5,-0.43,4.63,1.11,146.07,0,4019,4140,12.14,11.97,0,8.71346036171014,-1.22314419306359,0,-2451382.73546093,5832776.28073756,-803569.090962196,8.72369096601535,-1.21651429231235,-6.08183734676637e-06
3584.314,-7.286468,112.795906,1.48,1.35,-2.15,4.83,1.12,145.43,0,4080,4080,12.3,11.98,0,8.93405429592987,-1.33433911972369,0,-2451382.93362869,5832776.18223731,-803569.20066124,8.94454388282174,-1.32710647032977,-6.41069312867781e-06
3584.414,-7.286469,112.795907,1.68,0.04,-2.15,4.92,1.14,144.8,0,4080,4140,12.32,11.99,0,9.04435126225602,-1.4455340463838,0,-2451383.0299953,5832776.12652176,-803569.310360284,9.05497033075762,-1.43769862942916,-6.59067516847744e-06
3584.514,-7.286469,112.795908,1.58,-0.19,-2.09,4.89,1.18,144.17,0,4019,4140,12.05,11.97,0,9.15464822858218,-1.4455340463838,0,-2451383.13179645,5832776.08373705,-803569.310360284,9.16539679736339,-1.43769864960841,-6.74849485646223e-06
3584.614,-7.28647,112.795909,1.66,0.45,-0.85,4.76,1.17,143.54,0,4080,4080,12.31,12.03,0,9.26494519490834,-1.55672897294514,0,-2451383.22816306,5832776.0280215,-803569.420059327,9.27582324488857,-1.54829080903656,-6.9347196013092e-06
3584.714,-7.286471,112.79591,1.53,-0.13,-1.56,4.6,1.12,142.9,0,4019,4080,12.04,11.94,0,9.37524216280191,-1.66792389960524,0,-2451383.32452966,5832775.97230594,-803569.52975837,9.38624969141826,-1.65888296865855,-7.12337825201081e-06
3584.814,-7.286472,112.795912,1.59,-0.13,-1.2,4.55,1.08,142.26,0,4019,4140,12.44,12,0,9.59583609545422,-1.77911882626534,0,-2451383.5226974,5832775.87380567,-803569.639457414,9.60710260380078,-1.76947514967838,-7.48122280247454e-06
3584.914,-7.286472,112.795913,1.59,0.45,-1.56,4.61,1.07,141.62,0,4080,4140,12.44,12.02,0,9.70613306178038,-1.77911882626534,0,-2451383.62449855,5832775.83102095,-803569.639457414,9.71752907021979,-1.76947517102073,-7.648138995342e-06
3585.014,-7.286473,112.795914,1.63,0.45,-2.39,4.76,1.09,140.98,0,3959,4019,12.39,12.04,0,9.81643002810653,-1.89031375292544,0,-2451383.72086514,5832775.77530538,-803569.749156457,9.82795551464023,-1.88006733217721,-7.84971658873701e-06
3585.114,-7.286474,112.795916,1.53,0.45,-2.57,4.88,1.12,140.36,0,4019,4019,12.2,11.98,0,10.0370239623263,-2.00150867958554,0,-2451383.91903288,5832775.67680509,-803569.858855499,10.0488084261515,-1.99065951498505,-8.22705230901777e-06
3585.214,-7.286475,112.795917,1.63,0.45,-1.62,4.88,1.13,139.74,0,4080,4019,12.37,12.24,0,10.1473209286524,-2.11270360624564,0,-2451384.01539947,5832775.62108951,-803569.968554542,10.1592348706776,-2.10125167673697,-8.43971201508475e-06
3585.314,-7.286475,112.795918,1.62,-0.31,-1.97,4.81,1.1,139.13,0,4019,4080,12.45,11.98,0,10.2576178949786,-2.11270360624564,0,-2451384.11720061,5832775.57830479,-803569.968554542,10.2696613356219,-2.10125169931108,-8.6162616002583e-06
3585.414,-7.286476,112.795919,1.71,-0.49,-1.62,4.74,1.07,138.51,0,4019,4019,12.25,12,0,10.3679148613047,-2.22389853290574,0,-2451384.2135672,5832775.52258921,-803570.078253584,10.380087778294,-2.21184386095619,-8.83175743193743e-06
3585.514,-7.286477,112.79592,1.56,0.45,-1.62,4.7,1.03,137.88,0,4080,4019,12.02,11.99,0,10.4782118276309,-2.33509345946708,0,-2451384.30993379,5832775.46687362,-803570.187952625,10.4905142198336,-2.32243602317416,-9.05173361881451e-06
3585.614,-7.286478,112.795922,1.6,0.04,-1.86,4.73,1.02,137.26,0,4019,4080,12.44,12.01,0,10.6988057618506,-2.44628838612719,0,-2451384.50810151,5832775.3683733,-803570.297651667,10.7113671283643,-2.43302820941998,-9.461464687055e-06
3585.714,-7.286479,112.795923,1.66,0.75,-1.86,4.82,1.01,136.64,0,4080,4019,12.09,11.98,0,10.8091027281768,-2.55748331278729,0,-2451384.60446809,5832775.31265771,-803570.407350709,10.8217935701465,-2.54362037243175,-9.69040271153743e-06
3585.814,-7.28648,112.795924,1.64,-0.49,-2.03,4.89,1.02,136.03,0,4080,4019,12.43,12.03,0,10.9193996945029,-2.66867823944739,0,-2451384.70083467,5832775.25694211,-803570.51704975,10.9322200095769,-2.65421253537589,-9.92340119632118e-06
3585.914,-7.28648,112.795925,1.61,-0.07,-1.68,4.91,1.03,135.4,0,4019,4019,12.02,11.98,0,11.0296966608291,-2.66867823944739,0,-2451384.80263581,5832775.21415738,-803570.51704975,11.0426464748508,-2.65421255972622,-1.01138423986846e-05
3586.014,-7.286481,112.795926,1.63,-0.07,-1.2,4.82,1.03,134.78,0,4080,4080,12.42,12.02,0,11.1399936271552,-2.77987316610749,0,-2451384.89900238,5832775.15844177,-803570.626748791,11.1530729138021,-2.76480472370826,-1.03540403717517e-05
3586.114,-7.286482,112.795928,1.63,-0.13,-1.2,4.77,1,134.16,0,4019,4019,12.06,11.98,0,11.360587561375,-2.89106809276759,0,-2451385.09717009,5832775.05994143,-803570.736447831,11.3739258183382,-2.87539691235623,-1.07926550711457e-05
3586.214,-7.286483,112.795929,1.51,0.04,-1.2,4.82,0.98,133.52,0,4019,4019,12.21,12.03,0,11.4708845277011,-3.00226301932893,0,-2451385.19353666,5832775.00422581,-803570.846146872,11.4843522578928,-2.98598907712549,-1.10426812904296e-05
3586.314,-7.286484,112.79593,1.71,-0.49,-0.67,4.93,1,132.89,0,4080,4019,12.44,12.02,0,11.5811814940273,-3.11345794598903,0,-2451385.28990324,5832774.9485102,-803570.955845912,11.5947786952325,-3.09658124167904,-1.12946919911816e-05
3586.414,-7.286485,112.795931,1.64,0.63,-2.45,4.99,1.01,132.26,0,4019,4080,12.18,11.89,0,11.6914784603534,-3.22465287264913,0,-2451385.38626981,5832774.89279458,-803571.065544952,11.7052051335178,-3.20717340670735,-1.15513336061412e-05
3586.514,-7.286486,112.795932,1.68,0.45,-2.33,4.95,0.99,131.66,0,4019,4019,12.31,11.98,0,11.8017754266796,-3.33584779930924,0,-2451385.48263637,5832774.83707896,-803571.175243992,11.8156315698806,-3.31776557176061,-1.18118419533686e-05
3586.614,-7.286487,112.795933,1.61,0.21,-0.85,4.79,0.97,131.05,0,4080,4019,12.42,12.01,0,11.9120723945732,-3.44704272596934,0,-2451385.57900294,5832774.78136334,-803571.284943031,11.9260580084769,-3.42835773733546,-1.20764295628573e-05
3586.714,-7.286488,112.795934,1.7,0.51,-0.9,4.58,0.96,130.44,0,4019,4080,12.3,11.97,0,12.0223693608993,-3.55823765262944,0,-2451385.6753695,5832774.72564771,-803571.394642071,12.03648444558,-3.53894990302786,-1.23446901779678e-05
3586.814,-7.286489,112.795935,1.48,0.04,0.33,4.44,0.97,129.81,0,4019,4080,12.25,11.98,0,12.1326663272255,-3.66943257928954,0,-2451385.77173606,5832774.66993208,-803571.50434111,12.1469108803313,-3.64954206899906,-1.26169669588672e-05
3586.914,-7.28649,112.795936,1.64,0.45,-1.86,4.39,0.99,129.19,0,4080,4019,12.05,11.94,0,12.2429632935516,-3.78062750585088,0,-2451385.86810262,5832774.61421645,-803571.614040148,12.2573373160967,-3.76013423496681,-1.28928883422197e-05
3587.014,-7.286491,112.795937,1.64,1.35,-2.15,4.44,0.98,128.58,0,4019,4019,12.1,11.97,0,12.3532602598778,-3.89182243251098,0,-2451385.96446918,5832774.55850081,-803571.723739187,12.3677637499395,-3.87072640142142,-1.31726173979718e-05
3587.114,-7.286492,112.795938,1.52,0.04,-1.68,4.6,0.93,127.96,0,4019,4080,12.42,12.03,0,12.4635572277714,-4.00301735917108,0,-2451386.06083574,5832774.50278516,-803571.833438225,12.4781901863767,-3.98131856804461,-1.34573364199975e-05
3587.214,-7.286492,112.795939,1.61,0.04,-1.86,4.77,0.92,127.34,0,4019,4019,12.42,12,0,12.5738541940975,-4.00301735917108,0,-2451386.16263686,5832774.46000041,-803571.833438225,12.5886166470028,-3.98131859571774,-1.36737649413243e-05
3587.314,-7.286493,112.79594,1.67,0.93,-1.86,4.82,0.95,126.73,0,3959,4019,12.29,12.04,0,12.6841511604237,-4.11421228583118,0,-2451386.25900341,5832774.40428476,-803571.943137263,12.6990430815175,-4.09191076305874,-1.39622621065927e-05
3587.414,-7.286495,112.795941,1.54,0.57,-1.56,4.75,0.97,126.13,0,4019,4019,12,12.01,0,12.7944481267498,-4.33660213915139,0,-2451386.34993539,5832774.33563822,-803572.162535339,12.8094694852856,-4.31309506980055,-1.43299182306933e-05
3587.514,-7.286496,112.795942,1.61,0.45,-2.33,4.64,0.97,125.54,0,4080,4140,12.04,11.99,0,12.904745093076,-4.44779706571273,0,-2451386.44630194,5832774.27992257,-803572.272234376,12.9198959182572,-4.42368723723485,-1.46292418119476e-05
3587.614,-7.286497,112.795943,1.72,-0.19,-1.02,4.55,0.94,124.95,0,4019,4080,12.44,12.01,0,13.0150420594021,-4.55899199237283,0,-2451386.54266849,5832774.22420691,-803572.381933413,13.0303223489454,-4.53427940527807,-1.49314918915788e-05
3587.714,-7.286498,112.795944,1.61,0.57,-1.2,4.49,0.92,124.36,0,4080,4080,12.25,12,0,13.1253390272957,-4.67018691903293,0,-2451386.63903503,5832774.16849125,-803572.49163245,13.1407487822965,-4.64487157335808,-1.52377013289406e-05
3587.814,-7.286499,112.795945,1.55,-0.19,-1.62,4.48,0.92,123.77,0,4080,4080,12.44,11.99,0,13.2356359936219,-4.78138184569303,0,-2451386.73540157,5832774.11277559,-803572.601331486,13.2511752120078,-4.75546374190101,-1.55484490559354e-05
3587.914,-7.2865,112.795946,1.63,-0.37,-1.2,4.54,0.93,123.2,0,4019,4140,12.3,11.97,0,13.345932959948,-4.89257677235313,0,-2451386.83176812,5832774.05705992,-803572.711030523,13.3616016431626,-4.86605591076404,-1.58626181269161e-05
3588.014,-7.286501,112.795946,1.57,0.04,-1.86,4.61,0.94,122.62,0,4080,4080,12.05,11.94,0,13.345932959948,-5.00377169901323,0,-2451386.82633354,5832774.04412902,-803572.820729559,13.3616016132247,-4.97664804974842,-1.59486168648248e-05
3588.114,-7.286502,112.795947,1.64,-0.31,-3.52,4.64,0.92,122.05,0,4080,4080,12.01,11.99,0,13.4562299262742,-5.11496662557457,0,-2451386.92270008,5832773.98841335,-803572.930428595,13.4720280418907,-5.08724021869189,-1.62689223767165e-05
3588.214,-7.286503,112.795948,1.56,0.21,-1.2,4.6,0.91,121.5,0,4019,4140,12.37,12,0,13.5665268926003,-5.22616155223468,0,-2451387.01906661,5832773.93269767,-803573.040127631,13.5824544719316,-5.19783238808724,-1.65936798403044e-05
3588.314,-7.286505,112.795949,1.57,0.45,-1.56,4.52,0.92,120.94,0,4080,4140,12.05,12.01,0,13.6768238589265,-5.44855140555488,0,-2451387.10999857,5832773.86405108,-803573.259525701,13.6928808692722,-5.41901669661262,-1.7014753972866e-05
3588.414,-7.286506,112.79595,1.59,0.04,-1.62,4.44,0.95,120.38,0,4080,4080,12.42,12.02,0,13.7871208268201,-5.55974633221498,0,-2451387.2063651,5832773.8083354,-803573.369224736,13.8033072991948,-5.52960886634644,-1.73476659244276e-05
3588.514,-7.286507,112.795951,1.65,0.45,-1.56,4.42,0.95,119.83,0,3959,4019,12.13,12.06,0,13.8974177931462,-5.67094125887508,0,-2451387.30273163,5832773.75261971,-803573.478923771,13.9137337259071,-5.64020103628935,-1.76849667310464e-05
3588.614,-7.286508,112.795951,1.61,0.69,-2.45,4.44,0.93,119.28,0,4019,4140,12.04,12.02,0,13.8974177931462,-5.78213618553518,0,-2451387.29729705,5832773.7396888,-803573.588622805,13.9137336954402,-5.75079317571001,-1.77853921906612e-05
3588.714,-7.286509,112.795952,1.53,-0.19,-1.86,4.52,0.91,118.72,0,4080,4140,12.37,12.02,0,14.0077147594724,-5.89333111209652,0,-2451387.39366358,5832773.68397311,-803573.698321839,14.024160122171,-5.86138534584331,-1.81287715051992e-05
3588.814,-7.28651,112.795953,1.67,-0.13,-1.62,4.59,0.91,118.17,0,4019,4080,12.26,11.94,0,14.1180117257985,-6.00452603875662,0,-2451387.4900301,5832773.62825741,-803573.808020873,14.1345865474771,-5.97197751619334,-1.84747636886584e-05
3588.914,-7.286512,112.795954,1.6,0.21,-1.62,4.62,0.95,117.63,0,4080,4080,12.04,11.98,0,14.2283086921247,-6.22691589207683,0,-2451387.58096204,5832773.55961079,-803574.027418941,14.2450129419926,-6.19316182623594,-1.89324866995966e-05
3589.014,-7.286513,112.795954,1.44,-0.55,-1.62,4.59,0.97,117.09,0,4019,4140,12.39,12.02,0,14.2283086921247,-6.33811081873693,0,-2451387.57552746,5832773.54667987,-803574.137117974,14.2450129104804,-6.30375396547977,-1.90425437689434e-05
3589.114,-7.286514,112.795956,1.57,2.3,-1.86,4.53,0.96,116.57,0,4019,4140,12.09,11.99,0,14.4489026263444,-6.44930574539703,0,-2451387.77369508,5832773.44817938,-803574.246817007,14.4658657926107,-6.41434616840675,-1.96497418769592e-05
3589.214,-7.286515,112.795956,1.49,-0.19,-1.2,4.5,0.93,116.03,0,4080,4080,12.45,12.03,0,14.4489026263444,-6.56050067195837,0,-2451387.76826049,5832773.43524846,-803574.35651604,14.4658657604639,-6.52493830772236,-1.97631140266274e-05
3589.314,-7.286516,112.795957,1.66,0.04,-1.14,4.52,0.93,115.49,0,4019,4080,12.23,12.02,0,14.5591995926706,-6.67169559861847,0,-2451387.864627,5832773.37953275,-803574.466215072,14.57629218325,-6.63553047901183,-2.01283859767587e-05
3589.414,-7.286518,112.795958,1.53,-0.13,-2.03,4.55,0.95,114.96,0,4019,4140,12.39,12.04,0,14.6694965589967,-6.89408545193867,0,-2451387.95555893,5832773.3108861,-803574.685613137,14.6867185748534,-6.85671479005113,-2.06177690292852e-05
3589.514,-7.286519,112.795958,1.66,-0.13,-2.33,4.59,0.95,114.41,0,4080,4140,12.47,11.99,0,14.6694965589967,-7.00528037859877,0,-2451387.95012434,5832773.29795517,-803574.795312168,14.6867185422274,-6.96730692936537,-2.07384735511074e-05
3589.614,-7.28652,112.795959,1.59,0.45,-1.62,4.61,0.93,113.86,0,4019,4019,12.36,11.99,0,14.7797935253229,-7.11647530525888,0,-2451388.04649085,5832773.24223945,-803574.9050112,14.797144963402,-7.07789910122635,-2.11155582297007e-05
3589.714,-7.286521,112.79596,1.64,0.45,-1.14,4.59,0.93,113.3,0,4019,4080,12.47,12.01,0,14.890090491649,-7.22767023182022,0,-2451388.14285735,5832773.18652372,-803575.014710231,14.9075713858831,-7.18849127344003,-2.14981549975235e-05
3589.814,-7.286522,112.795961,1.51,0.45,-2.39,4.53,0.93,112.76,0,4080,4140,12.05,11.99,0,15.0003874595426,-7.33886515848032,0,-2451388.23922386,5832773.13080799,-803575.124409263,15.0179978081588,-7.29908344616451,-2.18838288230661e-05
3589.914,-7.286524,112.795962,1.74,-1.92,-2.15,4.44,0.93,112.22,0,4019,4080,12.26,12.04,0,15.1106844258688,-7.56125501180052,0,-2451388.33015577,5832773.06216132,-803575.343807324,15.1284241957676,-7.52026775798929,-2.24023022147302e-05
3590.014,-7.286525,112.795962,1.62,0.04,-1.26,4.38,0.93,111.67,0,4080,4080,12.36,12,0,15.1106844258688,-7.67244993846062,0,-2451388.32472117,5832773.04923038,-803575.453506354,15.1284241623202,-7.63085989738367,-2.25355659714266e-05
3590.114,-7.286526,112.795963,1.39,0.57,-1.56,4.37,0.93,111.14,0,4080,4080,12.44,12.04,0,15.2209813921949,-7.78364486512072,0,-2451388.42108767,5832772.99351464,-803575.563205385,15.2388505813357,-7.74145207052394,-2.29327525325118e-05
3590.214,-7.286527,112.795964,1.63,0.57,-2.45,4.41,0.92,110.61,0,4019,4140,12.26,11.98,0,15.3312783585211,-7.89483979178083,0,-2451388.51745417,5832772.9377989,-803575.672904414,15.3492770012968,-7.85204424379253,-2.33346143028168e-05
3590.314,-7.286528,112.795964,1.54,-0.31,-1.02,4.49,0.9,110.09,0,4080,4080,12.17,12.02,0,15.3312783585211,-8.00603471834216,0,-2451388.51201957,5832772.92486795,-803575.782603444,15.3492769672148,-7.96263638302775,-2.34712226698797e-05
3590.414,-7.28653,112.795965,1.55,-0.31,-0.85,4.57,0.9,109.57,0,4019,4080,12.04,11.97,0,15.4415753248472,-8.22842457166237,0,-2451388.60295147,5832772.85622126,-803576.002001503,15.4597033503313,-8.18382069579268,-2.40199959733456e-05
3590.514,-7.286531,112.795965,1.61,0.04,-0.85,4.59,0.91,109.05,0,4019,4080,12.11,11.95,0,15.4415753248472,-8.33961949832247,0,-2451388.59751687,5832772.84329031,-803576.111700532,15.4597033161994,-8.2944128352346,-2.41637282198948e-05
3590.614,-7.286532,112.795966,1.68,-0.31,-1.56,4.55,0.91,108.54,0,4080,4140,12.25,11.97,0,15.5518722927408,-8.45081442498257,0,-2451388.69388336,5832772.78757455,-803576.22139956,15.5701297361292,-8.40500500901577,-2.45787776125272e-05
3590.714,-7.286534,112.795967,1.47,-0.31,-1.02,4.47,0.88,108.03,0,3959,4019,12.17,11.96,0,15.662169259067,-8.67320427820401,0,-2451388.78481524,5832772.71892784,-803576.440797617,15.6805561176528,-8.62618932219618,-2.51454864454992e-05
3590.814,-7.286535,112.795967,1.37,0.04,-2.33,4.4,0.87,107.52,0,4019,4080,12.44,12.01,0,15.662169259067,-8.78439920486411,0,-2451388.77938064,5832772.70599688,-803576.550496645,15.6805560826125,-8.73678146142866,-2.52967595566478e-05
3590.914,-7.286536,112.795968,1.51,-0.13,-0.85,4.35,0.87,107.01,0,4080,4140,12.08,11.97,0,15.7724662253931,-8.89559413152421,0,-2451388.87574713,5832772.65028112,-803576.660195673,15.7909824993505,-8.84737363584027,-2.57222467832108e-05
3591.014,-7.286537,112.795968,1.55,0.04,-1.14,4.36,0.87,106.5,0,4019,4140,12.47,11.97,0,15.7724662253931,-9.00678905818432,0,-2451388.87031252,5832772.63735015,-803576.7698947,15.7909824643288,-8.95796577537862,-2.58795836363124e-05
3591.114,-7.286538,112.795969,1.51,0.51,-1.2,4.42,0.87,105.99,0,4019,4080,12.2,11.98,0,15.8827631917193,-9.11798398484442,0,-2451388.966679,5832772.58163438,-803576.879593727,15.9014088790759,-9.06855794971601,-2.63099977335646e-05
3591.214,-7.28654,112.795969,1.62,-0.13,-1.02,4.49,0.87,105.47,0,4080,4080,12.37,12.04,0,15.8827631917193,-9.34037383806586,0,-2451388.95580979,5832772.55577245,-803577.098991781,15.9014088081924,-9.28974222868245,-2.6631152167722e-05
3591.314,-7.28654,112.795969,1.62,0.57,-1.56,4.52,0.87,104.95,0,4019,4140,12.28,12.03,0,15.8827631917193,-9.34037383806586,0,-2451388.95580979,5832772.55577245,-803577.098991781,15.9014088081924,-9.28974222868245,-2.6631152167722e-05
3591.414,-7.286542,112.795971,1.68,0.45,-2.33,4.48,0.87,104.44,0,4080,4080,12.37,11.98,0,16.1033571243716,-9.56276369138606,0,-2451389.14854274,5832772.4443409,-803577.318389834,16.1222616367468,-9.51092657835321,-2.75126202586851e-05
3591.514,-7.286544,112.795971,1.55,0.04,-0.96,4.41,0.87,103.92,0,4080,4080,12.14,12.03,0,16.1033571243716,-9.78515354470627,0,-2451389.13767352,5832772.41847895,-803577.537787886,16.1222615651974,-9.73211085721117,-2.78503659854046e-05
3591.614,-7.286545,112.795972,1.56,0.45,-2.57,4.31,0.87,103.4,0,4019,4080,12.35,12.04,0,16.2136540922652,-9.89634847136637,0,-2451389.23403999,5832772.36276317,-803577.647486912,16.2326879799319,-9.84270303271343,-2.8299987151259e-05
3591.714,-7.286546,112.795972,1.52,-0.19,-1.56,4.26,0.86,102.89,0,4080,4140,12.43,12.01,0,16.2136540922652,-10.0075433980265,0,-2451389.22860538,5832772.34983219,-803577.757185937,16.2326879439518,-9.95329517190262,-2.84720330452348e-05
3591.814,-7.286548,112.795973,1.54,-0.13,-2.15,4.27,0.86,102.37,0,3959,4019,12.2,11.88,0,16.3239510585913,-10.2299332512479,0,-2451389.31953724,5832772.28118542,-803577.976583987,16.3431143207338,-10.1744794869412,-2.9104675951741e-05
3591.914,-7.286549,112.795973,1.54,-0.73,-2.15,4.36,0.86,101.85,0,3959,4019,12.01,11.96,0,16.3239510585913,-10.341128177908,0,-2451389.31410262,5832772.26825444,-803578.086283011,16.3431142838453,-10.2850716263829,-2.928420364956e-05
3592.014,-7.28655,112.795973,1.53,-0.19,-1.97,4.44,0.86,101.33,0,4080,4080,12.12,11.97,0,16.3239510585913,-10.4523231045681,0,-2451389.30866801,5832772.25532346,-803578.195982036,16.343114247747,-10.395663766026,-2.94643892655433e-05
3592.114,-7.286552,112.795974,1.65,-0.37,-1.86,4.48,0.85,100.82,0,4019,4140,12.42,12.04,0,16.4342480249175,-10.6747129578883,0,-2451389.39959985,5832772.18667667,-803578.415380084,16.4535406220775,-10.6168480811794,-3.01153699227008e-05
3592.214,-7.286553,112.795975,1.59,0.04,-0.61,4.46,0.85,100.3,0,4019,4080,12.17,11.97,0,16.5445449912436,-10.7859078844497,0,-2451389.49596631,5832772.13096086,-803578.525079107,16.5639670315108,-10.7274402571145,-3.05885693403507e-05
3592.314,-7.286554,112.795975,1.54,-0.73,-1.2,4.37,0.86,99.78,0,4080,4080,12.38,12,0,16.5445449912436,-10.8971028111098,0,-2451389.49053169,5832772.11802988,-803578.634778131,16.5639669945725,-10.8380323966474,-3.07752356825119e-05
3592.414,-7.286556,112.795975,1.64,0.04,-1.2,4.3,0.87,99.27,0,4019,4140,12.14,12.02,0,16.5445449912436,-11.11949266443,0,-2451389.47966245,5832772.09216789,-803578.854176177,16.5639669212992,-11.0592166755765,-3.11585147347859e-05
3592.514,-7.286557,112.795976,1.53,0.21,-2.09,4.27,0.87,98.74,0,4019,4140,12.26,12.02,0,16.6548419575698,-11.2306875910901,0,-2451389.57602891,5832772.03645208,-803578.9638752,16.6743933306142,-11.169808852081,-3.16398391104755e-05
3592.614,-7.286559,112.795976,1.62,0.27,-1.86,4.31,0.87,98.22,0,4080,4080,12.07,12,0,16.6548419575698,-11.4530774443115,0,-2451389.56515967,5832772.01059008,-803579.183273245,16.6743932562956,-11.3909931310643,-3.20327202416593e-05
3592.714,-7.28656,112.795976,1.41,0.21,-1.2,4.39,0.88,97.7,0,4080,4080,12.37,12.01,0,16.6548419575698,-11.5642723709716,0,-2451389.55972504,5832771.99765908,-803579.292972266,16.6743932197552,-11.501585270394,-3.22324838335497e-05
3592.814,-7.286561,112.795976,1.58,0.57,-2.33,4.44,0.9,97.19,0,4080,4140,11.7,12.02,0,16.6548419575698,-11.6754672976317,0,-2451389.55429042,5832771.98472808,-803579.402671288,16.6743931830096,-11.6121774101191,-3.24353392480159e-05
3592.914,-7.286562,112.795977,1.55,0.57,-1.68,4.44,0.91,96.68,0,4080,4140,12.12,11.98,0,16.7651389238959,-11.7866622242918,0,-2451389.65065687,5832771.92901226,-803579.51237031,16.7848195894937,-11.7227695865546,-3.29280564557166e-05
3593.014,-7.286564,112.795977,1.45,-1.08,-1.5,4.4,0.91,96.17,0,3959,4019,12.44,11.89,0,16.7651389238959,-12.009052077612,0,-2451389.63978761,5832771.90315024,-803579.731768352,16.7848195150939,-11.9439538657952,-3.33413081494704e-05
3593.114,-7.286565,112.795977,1.56,1.52,-2.33,4.34,0.88,95.68,0,4019,4019,12.36,12.02,0,16.7651389238959,-12.1202470042721,0,-2451389.63435299,5832771.89021923,-803579.841467373,16.7848194779375,-12.0545460051562,-3.35504948585363e-05
3593.214,-7.286566,112.795978,1.41,0.04,-1.2,4.31,0.87,95.19,0,4080,4140,12.24,11.97,0,16.8754358917895,-12.2314419308334,0,-2451389.73071943,5832771.8345034,-803579.951166393,16.8952458858836,-12.1651381818712,-3.40527414486314e-05
3593.314,-7.286567,112.795978,1.37,0.21,-1.62,4.29,0.87,94.71,0,4019,4140,12.42,12.04,0,16.8754358917895,-12.3426368574936,0,-2451389.72528481,5832771.82157239,-803580.060865414,16.8952458488143,-12.2757303216372,-3.42669317621169e-05
3593.414,-7.286569,112.795978,1.56,0.04,-1.62,4.26,0.88,94.22,0,4080,4080,12.26,12.01,0,16.8754358917895,-12.5650267108138,0,-2451389.71441555,5832771.79571036,-803580.280263453,16.8952457736117,-12.496914600802,-3.46988654911229e-05
3593.514,-7.28657,112.795979,1.45,0.04,-2.57,4.24,0.89,93.75,0,4080,4080,12.12,11.94,0,16.9857328581157,-12.6762216374739,0,-2451389.81078199,5832771.73999452,-803580.389962473,17.0056721795854,-12.6075067779796,-3.5212073163926e-05
3593.614,-7.286571,112.795979,1.57,-1.74,-1.14,4.2,0.88,93.29,0,4019,4140,12.43,12.01,0,16.9857328581157,-12.787416564134,0,-2451389.80534735,5832771.7270635,-803580.499661492,17.0056721416761,-12.7180989174044,-3.54327737353e-05
3593.714,-7.286573,112.795979,1.59,0.57,0.33,4.19,0.87,92.83,0,4019,4080,12.21,11.93,0,16.9857328581157,-13.0098064173554,0,-2451389.79447809,5832771.70120145,-803580.71905953,17.0056720663053,-12.9392831966525,-3.58800448916341e-05
3593.814,-7.286574,112.795979,1.57,-4.89,-1.62,4.2,0.86,92.37,0,4080,4080,12.02,11.97,0,16.9857328581157,-13.1210013440155,0,-2451389.78904345,5832771.68827043,-803580.828758549,17.0056720287754,-13.0498753361456,-3.61077051447278e-05
3593.914,-7.286576,112.795979,1.62,0.57,-2.15,4.19,0.86,91.93,0,4019,4080,12.37,11.93,0,16.9857328581157,-13.3433911973357,0,-2451389.77817418,5832771.66240838,-803581.048156585,17.005671953081,-13.2710596153191,-3.65663259667137e-05
3594.014,-7.286577,112.795979,1.56,-0.19,-1.68,4.17,0.86,91.48,0,4080,4140,12.12,12.05,0,16.9857328581157,-13.4545861239958,0,-2451389.77273954,5832771.64947734,-803581.157855603,17.0056719156382,-13.3816517548709,-3.67990341192392e-05
3594.114,-7.286579,112.79598,1.62,0.21,-2.03,4.14,0.85,91.04,0,4080,4080,12.31,11.87,0,17.0960298244418,-13.6769759772172,0,-2451389.86367134,5832771.58083046,-803581.377253638,17.1160982798635,-13.6028360718392,-3.75660942901757e-05
3594.214,-7.28658,112.795979,1.54,0.45,-1.86,4.15,0.85,90.6,0,3959,4019,12.36,11.99,0,16.9857328581157,-13.7881709038773,0,-2451389.75643563,5832771.61068424,-803581.486952655,17.0056718025567,-13.71342817359,-3.75086724393459e-05
3594.314,-7.286582,112.79598,1.6,2.12,-1.2,4.18,0.85,90.16,0,4080,4080,12.36,11.95,0,17.0960298244418,-14.0105607571975,0,-2451389.84736742,5832771.54203735,-803581.706350689,17.1160981656682,-13.9346124907443,-3.82863652976795e-05
3594.414,-7.286583,112.79598,1.55,0.57,-1.2,4.2,0.85,89.71,0,4019,4140,12.43,12,0,17.0960298244418,-14.1217556838577,0,-2451389.84193278,5832771.5291063,-803581.816049705,17.1160981279017,-14.0452046302215,-3.85304231158567e-05
3594.514,-7.286584,112.79598,1.51,0.45,-1.02,4.19,0.85,89.27,0,4019,4080,12.39,12,0,17.0960298244418,-14.2329506105178,0,-2451389.83649813,5832771.51617526,-803581.925748722,17.1160980899983,-14.1557967700778,-3.87765273823781e-05
3594.614,-7.286586,112.79598,1.62,0.75,-1.2,4.16,0.86,88.82,0,4080,4080,12.36,12.02,0,17.0960298244418,-14.4553404637392,0,-2451389.82562885,5832771.49031317,-803582.145146753,17.1160980137808,-14.3769810491952,-3.92750967419531e-05
3594.714,-7.286587,112.79598,1.48,0.16,-0.79,4.13,0.87,88.37,0,4019,4140,12.36,12.07,0,17.0960298244418,-14.5665353903993,0,-2451389.8201942,5832771.47738213,-803582.254845769,17.1160979760329,-14.4875731887474,-3.95252478311292e-05
3594.814,-7.286589,112.79598,1.58,0.45,-1.97,4.09,0.87,87.91,0,4019,4080,12.39,12.03,0,17.0960298244418,-14.7889252437195,0,-2451389.80932491,5832771.45152002,-803582.474243799,17.1160979002134,-14.7087574681236,-4.00368553783448e-05
3594.914,-7.28659,112.79598,1.61,-0.31,-1.68,4.08,0.86,87.46,0,4080,4080,12.36,12.03,0,17.0960298244418,-14.9001201703796,0,-2451389.80389027,5832771.43858897,-803582.583942814,17.1160978620548,-14.8193496078891,-4.02932639380627e-05
3595.014,-7.286592,112.79598,1.52,0.63,-1.56,4.09,0.85,87.01,0,4019,4080,12.12,12,0,17.0960298244418,-15.122510023601,0,-2451389.79302097,5832771.41272686,-803582.803340843,17.1160977863409,-15.0405338873988,-4.08160126583734e-05
3595.114,-7.286593,112.79598,1.51,0.93,-2.03,4.12,0.85,86.56,0,4019,4140,12.26,12.02,0,17.0960298244418,-15.2337049502611,0,-2451389.78758632,5832771.3997958,-803582.913039857,17.1160977482694,-15.151126026761,-4.1077528176281e-05
3595.214,-7.286595,112.79598,1.62,-0.19,-1.86,4.15,0.85,86.11,0,4080,4080,12.1,11.97,0,17.0960298244418,-15.4560948035813,0,-2451389.77671702,5832771.37393368,-803583.132437884,17.1160976726612,-15.3723103064043,-4.16114180679106e-05
3595.314,-7.286595,112.79598,1.62,0.21,-2.39,4.18,0.86,85.66,0,3959,4019,12.24,12,0,17.0960298244418,-15.4560948035813,0,-2451389.77671702,5832771.37393368,-803583.132437884,17.1160976726612,-15.3723103064043,-4.16114180679106e-05
3595.414,-7.286598,112.79598,1.79,0.45,-0.9,4.17,0.86,85.22,0,4019,4019,12.39,12,0,17.0960298244418,-15.7896795834629,0,-2451389.76041307,5832771.33514049,-803583.461534924,17.1160975586763,-15.7040867254102,-4.24242664149865e-05
3595.514,-7.286599,112.79598,1.49,0.93,-1.56,4.14,0.86,84.77,0,4080,4140,12.03,11.93,0,17.0960298244418,-15.900874510123,0,-2451389.75497841,5832771.32220942,-803583.571233936,17.1160975209343,-15.8146788650474,-4.26998654952104e-05
3595.614,-7.2866,112.79598,1.54,0.04,-1.86,4.08,0.86,84.32,0,4019,4080,12.06,11.97,0,17.0960298244418,-16.0120694367831,0,-2451389.74954376,5832771.30927834,-803583.680932949,17.1160974826261,-15.9252710048556,-4.29777195183334e-05
3595.714,-7.286602,112.79598,1.71,-0.13,-1.14,4.05,0.84,83.89,0,4080,4080,12.14,11.97,0,17.0960298244418,-16.2344592901033,0,-2451389.73867445,5832771.2834162,-803583.900330973,17.116097406663,-16.1464552842441,-4.3536235285746e-05
3595.814,-7.286603,112.79598,1.4,0.75,-0.9,4.09,0.8,83.45,0,3900,3959,12.3,12.05,0,17.0960298244418,-16.3456542167634,0,-2451389.73323979,5832771.27048512,-803584.010029984,17.116097369232,-16.2570474240814,-4.38198246546229e-05
3595.914,-7.286605,112.795979,1.67,0.45,-2.39,4.18,0.6,83.01,0,3540,3659,12.07,12.05,0,16.9857328581157,-16.5680440699848,0,-2451389.62056942,5832771.28740779,-803584.229428007,17.0056708600183,-16.4782316657894,-4.4095577482306e-05
3596.014,-7.286606,112.79598,1.47,0.45,-2.03,4.27,0.39,82.57,0,3240,3300,12.22,12.02,0,17.0960298244418,-16.6792389966449,0,-2451389.71693582,5832771.23169188,-803584.339127018,17.1160972551035,-16.5888238433306,-4.46795516908516e-05
3596.114,-7.286607,112.795979,1.44,0.45,-2.39,4.33,0.2,82.14,0,2940,2880,12.5,12.07,0,16.9857328581157,-16.790433923305,0,-2451389.6097001,5832771.26154562,-803584.448826028,17.0056707847642,-16.6994159451749,-4.46751807881007e-05
3596.214,-7.286608,112.795979,1.41,-0.13,-1.02,4.31,0.03,81.69,0,2880,2580,12.09,11.98,0,16.9857328581157,-16.9016288499651,0,-2451389.60426544,5832771.24861454,-803584.558525039,17.0056707472149,-16.8100080850043,-4.49669689395193e-05
3596.314,-7.286608,112.795979,1.41,-0.31,-1.74,4.21,-0.12,81.25,0,2519,2159,12.01,12,0,16.9857328581157,-16.9016288499651,0,-2451389.60426544,5832771.24861454,-803584.558525039,17.0056707472149,-16.8100080850043,-4.49669689395193e-05
3596.414,-7.286611,112.795979,1.37,-0.13,-1.2,4.05,-0.28,80.79,0,2100,1740,12.24,12.07,0,16.9857328581157,-17.2352136298467,0,-2451389.58796146,5832771.20982127,-803584.887622069,17.0056706340379,-17.1417845042358,-4.58568487071709e-05
3596.514,-7.286612,112.795979,1.14,-0.79,-1.68,3.94,-0.42,80.33,0,1620,1259,12.29,12.01,0,16.9857328581157,-17.3464085565068,0,-2451389.58252679,5832771.19689018,-803584.997321079,17.0056705960094,-17.2523766440638,-4.61559692301883e-05
3596.614,-7.286613,112.795979,1.11,-0.31,-1.2,3.92,-0.58,79.85,0,1259,900,12.44,12.06,0,16.9857328581157,-17.4576034831669,0,-2451389.57709213,5832771.18395909,-803585.107020088,17.0056705586342,-17.3629687840104,-4.64578531813586e-05
3596.714,-7.286614,112.795979,1.1,-0.19,-1.97,4.01,-0.73,79.37,0,839,480,12.07,12,0,16.9857328581157,-17.568798409827,0,-2451389.57165747,5832771.17102799,-803585.216719097,17.0056705210536,-17.473560923775,-4.67629027793848e-05
3596.814,-7.286615,112.795979,1.19,0.27,-1.97,4.17,-0.85,78.88,0,600,240,12.36,12.04,0,16.9857328581157,-17.6799933364871,0,-2451389.5662228,5832771.1580969,-803585.326418106,17.0056704826829,-17.5841530633381,-4.70672944610229e-05
3596.914,-7.286616,112.795979,0.91,0.04,-0.96,4.31,-0.94,78.37,0,539,120,12.43,12.04,0,16.9857328581157,-17.7911882631472,0,-2451389.56078814,5832771.1451658,-803585.436117114,17.0056704452578,-17.6947452032605,-4.73763318216136e-05
3597.014,-7.286617,112.795979,1.16,0.45,-1.97,4.37,-1.01,77.87,0,480,60,12.23,12.04,0,16.9857328581157,-17.9023831897085,0,-2451389.55535347,5832771.1322347,-803585.545816122,17.0056704074034,-17.8053373428593,-4.76855924391728e-05
3597.114,-7.286618,112.795978,1.18,0.16,-2.39,4.33,-1.08,77.34,0,360,60,12.35,12.02,0,16.8754358917895,-18.0135781163686,0,-2451389.44811774,5832771.16208841,-803585.65551513,16.8952439384948,-17.9159294451493,-4.77039828341574e-05
3597.214,-7.286619,112.795978,1.12,0.51,-1.62,4.23,-1.14,76.82,0,0,0,12.07,12.05,0,16.8754358917895,-18.1247730430287,0,-2451389.44268307,5832771.14915731,-803585.765214138,16.8952439007959,-18.0265215850214,-4.80172164492032e-05
3597.314,-7.286619,112.795978,1.12,0.21,-2.09,4.14,-1.19,76.28,0,0,0,12.29,12.06,0,16.8754358917895,-18.1247730430287,0,-2451389.44268307,5832771.14915731,-803585.765214138,16.8952439007959,-18.0265215850214,-4.80172164492032e-05
3597.414,-7.286621,112.795978,0.78,0.21,-2.03,4.11,-1.2,75.72,0,0,0,12.23,12.05,0,16.8754358917895,-18.3471628963489,0,-2451389.43181374,5832771.12329509,-803585.984612153,16.8952438262068,-18.2477058646956,-4.86504791639142e-05
3597.514,-7.286622,112.795978,0.86,-0.73,-1.68,4.15,-1.17,75.14,0,0,0,12.05,12,0,16.8754358917895,-18.458357823009,0,-2451389.42637907,5832771.11036398,-803586.09431116,16.8952437888873,-18.3582980045206,-4.89706872257578e-05
3597.614,-7.286622,112.795978,0.9,0.04,-1.97,4.2,-1.1,74.56,0,0,0,12.43,12.07,0,16.8754358917895,-18.458357823009,0,-2451389.42637907,5832771.11036398,-803586.09431116,16.8952437888873,-18.3582980045206,-4.89706872257578e-05
3597.714,-7.286624,112.795978,1.02,-0.31,-1.2,4.22,-1.06,73.96,0,0,0,12.3,12.02,0,16.8754358917895,-18.6807476762305,0,-2451389.41550972,5832771.08450176,-803586.313709174,16.8952437140431,-18.5794822841039,-4.96142542329991e-05
3597.814,-7.286624,112.795978,0.93,0.75,-1.02,4.22,-1.02,73.36,0,120,120,12.39,12.01,0,16.8754358917895,-18.6807476762305,0,-2451389.41550972,5832771.08450176,-803586.313709174,16.8952437140431,-18.5794822841039,-4.96142542329991e-05
3597.914,-7.286625,112.795977,1.07,1.76,-1.86,4.18,-0.95,72.74,0,600,300,12.03,11.99,0,16.7651389238959,-18.7919426028906,0,-2451389.30827399,5832771.11435546,-803586.42340818,16.7848172453271,-18.6900743869325,-4.96487894037223e-05
3598.014,-7.286626,112.795977,0.79,0.45,-1.56,4.07,-0.79,72.13,0,960,539,12.32,12.01,0,16.7651389238959,-18.9031375295507,0,-2451389.30283932,5832771.10142434,-803586.533107186,16.7848172079578,-18.8006665265023,-4.99761804051424e-05
3598.114,-7.286627,112.795977,0.96,-0.13,-1.56,3.91,-0.63,71.53,0,1320,720,12.22,11.99,0,16.7651389238959,-19.0143324562108,0,-2451389.29740464,5832771.08849323,-803586.642806192,16.7848171709493,-18.9112586664119,-5.03043935222713e-05
3598.214,-7.286628,112.795976,0.97,0.57,-2.33,3.84,-0.6,70.94,0,1800,900,12.32,12.01,0,16.6548419575698,-19.1255273828709,0,-2451389.19016891,5832771.11834692,-803586.752505198,16.6743907059103,-19.0218507692739,-5.03465326535668e-05
3598.314,-7.286628,112.795976,0.97,-0.19,-1.86,3.97,-0.68,70.37,0,2220,1139,12.17,12.04,0,16.6548419575698,-19.1255273828709,0,-2451389.19016891,5832771.11834692,-803586.752505198,16.6743907059103,-19.0218507692739,-5.03465326535668e-05
3598.414,-7.28663,112.795975,1.14,-0.79,-1.2,4.16,-0.73,69.79,0,2580,1320,12.07,12.01,0,16.5445449912436,-19.3479172360923,0,-2451389.0774985,5832771.13526948,-803586.971903208,16.5639642036075,-19.2430350121856,-5.07271596630332e-05
3598.514,-7.28663,112.795975,0.84,0.45,-1.02,4.23,-0.67,69.23,0,3180,1620,12.25,12.02,0,16.5445449912436,-19.3479172360923,0,-2451389.0774985,5832771.13526948,-803586.971903208,16.5639642036075,-19.2430350121856,-5.07271596630332e-05
3598.614,-7.286631,112.795975,0.69,0.04,-2.75,4.14,-0.56,68.68,0,3659,1920,12.26,12.04,0,16.5445449912436,-19.4591121627524,0,-2451389.07206382,5832771.12233836,-803587.081602213,16.5639641669784,-19.3536271518171,-5.10623767553398e-05
3598.714,-7.286631,112.795975,0.63,-0.31,-1.2,3.93,-0.5,68.17,0,4259,2220,12.42,12.04,0,16.5445449912436,-19.4591121627524,0,-2451389.07206382,5832771.12233836,-803587.081602213,16.5639641669784,-19.3536271518171,-5.10623767553398e-05
3598.814,-7.286632,112.795975,0.84,-0.19,-1.68,3.69,-0.53,67.65,0,4740,2340,12.19,11.97,0,16.5445449912436,-19.5703070894125,0,-2451389.06662915,5832771.10940723,-803587.191301218,16.5639641304364,-19.4642192918537,-5.14025974536203e-05
3598.914,-7.286633,112.795974,0.77,-0.91,-3.22,3.54,-0.63,67.15,0,4860,2459,12.06,11.99,0,16.4342480249175,-19.6815020160726,0,-2451388.95939341,5832771.13926091,-803587.301000223,16.4535376670832,-19.5748113952522,-5.1457193590565e-05
3599.014,-7.286633,112.795974,0.67,0.45,-1.86,3.51,-0.74,66.63,0,4980,2519,12.12,12,0,16.4342480249175,-19.6815020160726,0,-2451388.95939341,5832771.13926091,-803587.301000223,16.4535376670832,-19.5748113952522,-5.1457193590565e-05
3599.114,-7.286634,112.795974,0.69,0.04,-0.9,3.59,-0.83,66.12,0,5219,2640,12.15,11.97,0,16.4342480249175,-19.7926969427327,0,-2451388.95395873,5832771.12632978,-803587.410699227,16.4535376308336,-19.685403534952,-5.17993703663677e-05
3599.214,-7.286634,112.795974,0.59,0.16,-2.69,3.75,-0.89,65.59,0,5339,2759,12.07,12.01,0,16.4342480249175,-19.7926969427327,0,-2451388.95395873,5832771.12632978,-803587.410699227,16.4535376308336,-19.685403534952,-5.17993703663677e-05
3599.314,-7.286635,112.795973,0.75,-0.13,-0.43,3.85,-0.92,65.08,0,5519,2819,12.32,11.93,0,16.3239510585913,-19.9038918693928,0,-2451388.84672299,5832771.15618345,-803587.520398231,16.343111168426,-19.7959956384788,-5.1858641711533e-05
3599.414,-7.286636,112.795973,0.58,0.45,-1.02,3.78,-0.93,64.56,0,5880,3000,12.17,12.04,0,16.3239510585913,-20.0150867959542,0,-2451388.84128831,5832771.14325232,-803587.630097235,16.3431111318342,-19.9065877784912,-5.2206015819678e-05
3599.514,-7.286637,112.795973,0.87,0.63,-1.56,3.44,-0.97,64.04,0,5939,3000,12.3,12.03,0,16.3239510585913,-20.1262817226143,0,-2451388.83585363,5832771.13032118,-803587.739796238,16.343111095964,-20.0171799184903,-5.25551227466003e-05
3599.614,-7.286637,112.795973,0.46,-0.31,-1.02,3.15,-1.03,63.52,0,6060,3000,12.26,12.04,0,16.3239510585913,-20.1262817226143,0,-2451388.83585363,5832771.13032118,-803587.739796238,16.343111095964,-20.0171799184903,-5.25551227466003e-05
3599.714,-7.286637,112.795973,0.58,-0.19,-1.97,3.12,-1.04,63,0,5939,3000,12.3,12.06,0,16.3239510585913,-20.1262817226143,0,-2451388.83585363,5832771.13032118,-803587.739796238,16.343111095964,-20.0171799184903,-5.25551227466003e-05
3599.814,-7.286638,112.795972,0.72,0.04,-1.68,3.19,-0.99,62.46,0,5939,3059,12.26,11.98,0,16.2136540922652,-20.2374766492744,0,-2451388.72861789,5832771.16017485,-803587.849495241,16.2326846333696,-20.1277720222564,-5.26236087172727e-05
3599.914,-7.286639,112.795972,0.61,-0.19,-1.56,3.41,-0.87,61.94,0,5939,3059,12.42,11.99,0,16.2136540922652,-20.3486715759345,0,-2451388.72318321,5832771.14724371,-803587.959194244,16.2326845969333,-20.2383641621956,-5.29750001168061e-05
3600.014,-7.286639,112.795972,0.38,0.21,-2.09,3.72,-0.72,61.43,0,6060,3000,12.37,11.99,0,16.2136540922652,-20.3486715759345,0,-2451388.72318321,5832771.14724371,-803587.959194244,16.2326845969333,-20.2383641621956,-5.29750001168061e-05
3600.114,-7.286639,112.795972,0.45,-0.19,-1.97,4.05,-0.58,60.95,0,6060,3000,12.19,12,0,16.2136540922652,-20.3486715759345,0,-2451388.72318321,5832771.14724371,-803587.959194244,16.2326845969333,-20.2383641621956,-5.29750001168061e-05
3600.214,-7.286639,112.795971,0.51,-0.19,-1.62,4.05,-0.51,60.51,0,6060,3000,12.07,12,0,16.1033571243716,-20.3486715759345,0,-2451388.62138215,5832771.19002851,-803587.959194244,16.1222581693506,-20.2383641263548,-5.2694692791011e-05
3600.314,-7.28664,112.795971,0.41,-0.19,-1.02,3.66,-0.51,60.1,0,6180,3059,12.17,11.98,0,16.1033571243716,-20.4598665025946,0,-2451388.61594747,5832771.17709737,-803588.068893247,16.1222581339282,-20.3489562665214,-5.30496992632301e-05
3600.414,-7.28664,112.795971,0.43,0.04,-1.2,2.96,-0.57,59.68,0,6060,3059,12.02,11.99,0,16.1033571243716,-20.4598665025946,0,-2451388.61594747,5832771.17709737,-803588.068893247,16.1222581339282,-20.3489562665214,-5.30496992632301e-05
3600.514,-7.28664,112.795971,0.13,0.16,-1.62,2.39,-0.65,59.29,0,6119,3119,12.08,11.97,0,16.1033571243716,-20.4598665025946,0,-2451388.61594747,5832771.17709737,-803588.068893247,16.1222581339282,-20.3489562665214,-5.30496992632301e-05
3600.614,-7.28664,112.795971,0.33,0.04,-1.86,2.41,-0.76,58.91,0,6119,3119,12.13,11.94,0,16.1033571243716,-20.4598665025946,0,-2451388.61594747,5832771.17709737,-803588.068893247,16.1222581339282,-20.3489562665214,-5.30496992632301e-05
3600.714,-7.286641,112.795971,0.29,0.27,-1.68,2.88,-0.9,58.54,0,6239,3119,12.01,11.99,0,16.1033571243716,-20.5710614292547,0,-2451388.61051278,5832771.16416623,-803588.17859225,16.1222580980082,-20.4595484061499,-5.34060038943629e-05
3600.814,-7.286641,112.795971,0.29,0.45,-1.86,3.73,-1.03,58.15,0,6239,3119,12.07,12,0,16.1033571243716,-20.5710614292547,0,-2451388.61051278,5832771.16416623,-803588.17859225,16.1222580980082,-20.4595484061499,-5.34060038943629e-05
3600.914,-7.286641,112.795971,0.31,0.21,-0.61,4.54,-1.15,57.76,0,6300,3119,12.3,11.98,0,16.1033571243716,-20.5710614292547,0,-2451388.61051278,5832771.16416623,-803588.17859225,16.1222580980082,-20.4595484061499,-5.34060038943629e-05
3601.014,-7.286642,112.795971,0.4,-3.46,-1.14,4.84,-1.21,57.39,0,6300,3240,12.44,12.04,0,16.1033571243716,-20.682256355816,0,-2451388.6050781,5832771.15123508,-803588.288291252,16.122258062449,-20.5701405458873,-5.37631601704724e-05
3601.114,-7.286642,112.79597,0.29,-0.31,-1.68,4.44,-1.21,57.05,0,6419,3240,12.17,11.99,0,15.9930601580454,-20.682256355816,0,-2451388.50327704,5832771.19401988,-803588.288291252,16.0118316380268,-20.5701405103905,-5.34855435723181e-05
3601.214,-7.286642,112.79597,0.13,-0.49,-1.62,3.6,-1.15,56.74,0,6419,3240,12.3,12.01,0,15.9930601580454,-20.682256355816,0,-2451388.50327704,5832771.19401988,-803588.288291252,16.0118316380268,-20.5701405103905,-5.34855435723181e-05
3601.314,-7.286642,112.79597,0.23,0.16,-1.02,2.81,-1.02,56.47,0,6300,3180,12.26,11.98,0,15.9930601580454,-20.682256355816,0,-2451388.50327704,5832771.19401988,-803588.288291252,16.0118316380268,-20.5701405103905,-5.34855435723181e-05
3601.414,-7.286642,112.79597,0.2,-0.31,-0.85,2.43,-0.85,56.24,0,6300,3119,12.08,11.97,0,15.9930601580454,-20.682256355816,0,-2451388.50327704,5832771.19401988,-803588.288291252,16.0118316380268,-20.5701405103905,-5.34855435723181e-05
3601.514,-7.286643,112.79597,0.2,-0.31,-0.31,2.58,-0.68,56.06,0,6180,3059,12.29,12.03,0,15.9930601580454,-20.7934512824761,0,-2451388.49784236,5832771.18108874,-803588.397990254,16.0118316026915,-20.6807326505003,-5.3845612709047e-05
3601.614,-7.286643,112.79597,0.19,0.45,-1.86,3.09,-0.54,55.94,0,6180,3059,12.42,12.01,0,15.9930601580454,-20.7934512824761,0,-2451388.49784236,5832771.18108874,-803588.397990254,16.0118316026915,-20.6807326505003,-5.3845612709047e-05
3601.714,-7.286643,112.79597,0.13,0.87,-1.56,3.6,-0.52,55.85,0,6180,3119,12.28,12.04,0,15.9930601580454,-20.7934512824761,0,-2451388.49784236,5832771.18108874,-803588.397990254,16.0118316026915,-20.6807326505003,-5.3845612709047e-05
3601.814,-7.286643,112.79597,0.07,0.21,-1.2,3.88,-0.64,55.8,0,6180,3119,12.26,12.02,0,15.9930601580454,-20.7934512824761,0,-2451388.49784236,5832771.18108874,-803588.397990254,16.0118316026915,-20.6807326505003,-5.3845612709047e-05
3601.914,-7.286643,112.79597,0.23,-0.37,-1.2,3.79,-0.88,55.75,0,6119,3240,12.12,12.01,0,15.9930601580454,-20.7934512824761,0,-2451388.49784236,5832771.18108874,-803588.397990254,16.0118316026915,-20.6807326505003,-5.3845612709047e-05
3602.014,-7.286643,112.79597,0.14,0.57,-1.56,3.46,-1.17,55.67,0,6119,3180,12.37,12.04,0,15.9930601580454,-20.7934512824761,0,-2451388.49784236,5832771.18108874,-803588.397990254,16.0118316026915,-20.6807326505003,-5.3845612709047e-05
3602.114,-7.286643,112.79597,0.05,0.21,-0.19,3.12,-1.4,55.54,0,6000,3180,12.43,12.02,0,15.9930601580454,-20.7934512824761,0,-2451388.49784236,5832771.18108874,-803588.397990254,16.0118316026915,-20.6807326505003,-5.3845612709047e-05
3602.214,-7.286643,112.79597,0.05,0.81,-1.56,3.02,-1.5,55.37,0,5880,3180,12.39,12.02,0,15.9930601580454,-20.7934512824761,0,-2451388.49784236,5832771.18108874,-803588.397990254,16.0118316026915,-20.6807326505003,-5.3845612709047e-05
3602.314,-7.286643,112.79597,0.12,0.45,-1.86,3.21,-1.44,55.16,0,5880,3180,12.14,11.97,0,15.9930601580454,-20.7934512824761,0,-2451388.49784236,5832771.18108874,-803588.397990254,16.0118316026915,-20.6807326505003,-5.3845612709047e-05
3602.414,-7.286643,112.79597,0.05,0.21,-1.02,3.51,-1.21,54.94,0,5880,3180,12.15,12.02,0,15.9930601580454,-20.7934512824761,0,-2451388.49784236,5832771.18108874,-803588.397990254,16.0118316026915,-20.6807326505003,-5.3845612709047e-05
3602.514,-7.286643,112.79597,0.02,-0.13,-2.39,3.63,-0.88,54.76,0,5880,3180,12.03,12,0,15.9930601580454,-20.7934512824761,0,-2451388.49784236,5832771.18108874,-803588.397990254,16.0118316026915,-20.6807326505003,-5.3845612709047e-05
3602.614,-7.286644,112.79597,0.04,0.45,-1.97,3.43,-0.57,54.63,0,5880,3180,12.24,12.03,0,15.9930601580454,-20.9046462091362,0,-2451388.49240767,5832771.16815759,-803588.507689256,16.0118315672193,-20.7913247904118,-5.42078021195103e-05
3602.714,-7.286644,112.79597,0.07,-0.13,-1.2,2.98,-0.38,54.56,0,5880,3119,12.42,12.04,0,15.9930601580454,-20.9046462091362,0,-2451388.49240767,5832771.16815759,-803588.507689256,16.0118315672193,-20.7913247904118,-5.42078021195103e-05
3602.814,-7.286644,112.79597,0.01,0.04,1.22,2.58,-0.39,54.51,0,5639,3000,12.32,12.01,0,15.9930601580454,-20.9046462091362,0,-2451388.49240767,5832771.16815759,-803588.507689256,16.0118315672193,-20.7913247904118,-5.42078021195103e-05
3602.914,-7.286644,112.79597,0.02,0.63,-1.02,2.48,-0.54,54.44,0,5160,2759,12.15,12.01,0,15.9930601580454,-20.9046462091362,0,-2451388.49240767,5832771.16815759,-803588.507689256,16.0118315672193,-20.7913247904118,-5.42078021195103e-05
3603.014,-7.286644,112.79597,0.07,0.04,-2.15,2.78,-0.79,54.28,0,4559,2459,12.06,12.02,0,15.9930601580454,-20.9046462091362,0,-2451388.49240767,5832771.16815759,-803588.507689256,16.0118315672193,-20.7913247904118,-5.42078021195103e-05
3603.114,-7.286644,112.79597,0.04,0.45,-2.15,3.37,-1.03,54.05,0,3959,2159,12.29,11.97,0,15.9930601580454,-20.9046462091362,0,-2451388.49240767,5832771.16815759,-803588.507689256,16.0118315672193,-20.7913247904118,-5.42078021195103e-05
3603.214,-7.286644,112.79597,0.06,0.04,-1.5,3.98,-1.18,53.73,0,3480,1859,12.42,12.02,0,15.9930601580454,-20.9046462091362,0,-2451388.49240767,5832771.16815759,-803588.507689256,16.0118315672193,-20.7913247904118,-5.42078021195103e-05
3603.314,-7.286644,112.79597,0.07,-0.19,-1.86,4.29,-1.15,53.34,0,2880,1559,12.12,12,0,15.9930601580454,-20.9046462091362,0,-2451388.49240767,5832771.16815759,-803588.507689256,16.0118315672193,-20.7913247904118,-5.42078021195103e-05
3603.414,-7.286644,112.79597,0.05,-0.73,-1.62,4.09,-0.94,52.93,0,2279,1259,12.02,12,0,15.9930601580454,-20.9046462091362,0,-2451388.49240767,5832771.16815759,-803588.507689256,16.0118315672193,-20.7913247904118,-5.42078021195103e-05
3603.514,-7.286644,112.79597,0.04,0.04,-1.56,3.39,-0.58,52.55,0,1679,960,12.32,12.02,0,15.9930601580454,-20.9046462091362,0,-2451388.49240767,5832771.16815759,-803588.507689256,16.0118315672193,-20.7913247904118,-5.42078021195103e-05
3603.614,-7.286644,112.79597,0.03,0.04,-1.68,2.43,-0.2,52.23,0,1079,660,12.04,12.01,0,15.9930601580454,-20.9046462091362,0,-2451388.49240767,5832771.16815759,-803588.507689256,16.0118315672193,-20.7913247904118,-5.42078021195103e-05
3603.714,-7.286644,112.79597,0.05,-0.31,-2.33,1.63,0.06,51.98,0,480,360,12.04,12.02,0,15.9930601580454,-20.9046462091362,0,-2451388.49240767,5832771.16815759,-803588.507689256,16.0118315672193,-20.7913247904118,-5.42078021195103e-05
3603.814,-7.286644,112.79597,0.01,0.21,0.45,1.38,0.13,51.77,0,120,180,12.17,12.03,0,15.9930601580454,-20.9046462091362,0,-2451388.49240767,5832771.16815759,-803588.507689256,16.0118315672193,-20.7913247904118,-5.42078021195103e-05
3603.914,-7.286644,112.79597,0.06,0.21,-1.2,1.87,0,51.56,0,0,0,12.03,12,0,15.9930601580454,-20.9046462091362,0,-2451388.49240767,5832771.16815759,-803588.507689256,16.0118315672193,-20.7913247904118,-5.42078021195103e-05
3604.014,-7.286645,112.795971,0.02,0.45,-1.68,2.92,-0.27,51.3,0,0,0,12.36,12.03,0,16.1033571243716,-21.0158411357963,0,-2451388.58877405,5832771.11244163,-803588.617388257,16.1222579552423,-20.9019169658821,-5.48490114269384e-05
3604.114,-7.286645,112.795971,0.03,0.04,-1.2,4.06,-0.58,50.97,0,0,0,12.21,11.94,0,16.1033571243716,-21.0158411357963,0,-2451388.58877405,5832771.11244163,-803588.617388257,16.1222579552423,-20.9019169658821,-5.48490114269384e-05
3604.214,-7.286645,112.795971,0.08,0.21,-1.26,4.75,-0.79,50.55,0,0,0,12.05,12,0,16.1033571243716,-21.0158411357963,0,-2451388.58877405,5832771.11244163,-803588.617388257,16.1222579552423,-20.9019169658821,-5.48490114269384e-05
